{"v":"5.7.8","fr":30,"ip":0,"op":39,"w":1080,"h":1080,"nm":"lion 1","ddd":0,"assets":[{"id":"comp_0","layers":[{"ddd":0,"ind":2,"ty":4,"nm":"Layer 4 Outlines","parent":4,"sr":1,"ks":{"o":{"a":0,"k":100,"ix":11},"r":{"a":0,"k":2,"ix":10},"p":{"a":0,"k":[73.164,140.376,0],"ix":2,"l":2},"a":{"a":0,"k":[15.75,22.125,0],"ix":1,"l":2},"s":{"a":0,"k":[100,100,100],"ix":6,"l":2}},"ao":0,"shapes":[{"ty":"gr","it":[{"ind":0,"ty":"sh","ix":1,"ks":{"a":0,"k":{"i":[[0,0],[-12,-1],[-2,-9],[0,0],[1.059,0.482]],"o":[[0,0],[0,0],[0,0],[-0.997,0.599],[0,0]],"v":[[-10,3.143],[1,-6.857],[11,2.143],[2.593,7.188],[-0.691,7.375]],"c":true},"ix":2},"nm":"Path 1","mn":"ADBE Vector Shape - Group","hd":false},{"ty":"fl","c":{"a":0,"k":[0,0,0,1],"ix":4},"o":{"a":0,"k":100,"ix":5},"r":1,"bm":0,"nm":"Fill 1","mn":"ADBE Vector Graphic - Fill","hd":false},{"ty":"tr","p":{"a":0,"k":[16.25,8.107],"ix":2},"a":{"a":0,"k":[0,0],"ix":1},"s":{"a":0,"k":[100,100],"ix":3},"r":{"a":0,"k":0,"ix":6},"o":{"a":0,"k":100,"ix":7},"sk":{"a":0,"k":0,"ix":4},"sa":{"a":0,"k":0,"ix":5},"nm":"Transform"}],"nm":"Group 1","np":2,"cix":2,"bm":0,"ix":1,"mn":"ADBE Vector Group","hd":false},{"ty":"gr","it":[{"ind":0,"ty":"sh","ix":1,"ks":{"a":0,"k":{"i":[[0,0],[0,0]],"o":[[0,0],[0,0]],"v":[[17.25,15.25],[17.25,36.143]],"c":false},"ix":2},"nm":"Path 1","mn":"ADBE Vector Shape - Group","hd":false},{"ty":"st","c":{"a":0,"k":[0.517647058824,0.333333333333,0.207843152214,1],"ix":3},"o":{"a":0,"k":100,"ix":4},"w":{"a":0,"k":2,"ix":5},"lc":1,"lj":1,"ml":10,"bm":0,"nm":"Stroke 1","mn":"ADBE Vector Graphic - Stroke","hd":false},{"ty":"tr","p":{"a":0,"k":[0,0],"ix":2},"a":{"a":0,"k":[0,0],"ix":1},"s":{"a":0,"k":[100,100],"ix":3},"r":{"a":0,"k":0,"ix":6},"o":{"a":0,"k":100,"ix":7},"sk":{"a":0,"k":0,"ix":4},"sa":{"a":0,"k":0,"ix":5},"nm":"Transform"}],"nm":"Group 2","np":2,"cix":2,"bm":0,"ix":2,"mn":"ADBE Vector Group","hd":false},{"ty":"gr","it":[{"ind":0,"ty":"sh","ix":1,"ks":{"a":0,"k":{"i":[[0,0],[0,0],[0,0]],"o":[[0,0],[0,0],[0,0]],"v":[[-3.857,1.5],[0.143,-1.5],[3.857,1.5]],"c":false},"ix":2},"nm":"Path 1","mn":"ADBE Vector Shape - Group","hd":false},{"ty":"st","c":{"a":0,"k":[0.517647058824,0.333333333333,0.207843152214,1],"ix":3},"o":{"a":0,"k":100,"ix":4},"w":{"a":0,"k":2,"ix":5},"lc":2,"lj":2,"bm":0,"nm":"Stroke 1","mn":"ADBE Vector Graphic - Stroke","hd":false},{"ty":"tr","p":{"a":0,"k":[17.107,37.75],"ix":2},"a":{"a":0,"k":[0,0],"ix":1},"s":{"a":0,"k":[100,100],"ix":3},"r":{"a":0,"k":0,"ix":6},"o":{"a":0,"k":100,"ix":7},"sk":{"a":0,"k":0,"ix":4},"sa":{"a":0,"k":0,"ix":5},"nm":"Transform"}],"nm":"Group 3","np":2,"cix":2,"bm":0,"ix":3,"mn":"ADBE Vector Group","hd":false},{"ty":"gr","it":[{"ind":0,"ty":"sh","ix":1,"ks":{"a":0,"k":{"i":[[3.077,0],[0,0],[0,3.077],[0,0],[-3.077,0],[0,0],[0,-3.077],[0,0]],"o":[[0,0],[-3.077,0],[0,0],[0,-3.077],[0,0],[3.077,0],[0,0],[0,3.077]],"v":[[9.929,14.5],[-9.928,14.5],[-15.5,8.929],[-15.5,-8.929],[-9.928,-14.5],[9.929,-14.5],[15.5,-8.929],[15.5,8.929]],"c":true},"ix":2},"nm":"Path 1","mn":"ADBE Vector Shape - Group","hd":false},{"ty":"fl","c":{"a":0,"k":[1,0.882353001015,0.607843137255,1],"ix":4},"o":{"a":0,"k":100,"ix":5},"r":1,"bm":0,"nm":"Fill 1","mn":"ADBE Vector Graphic - Fill","hd":false},{"ty":"tr","p":{"a":0,"k":[15.75,24.75],"ix":2},"a":{"a":0,"k":[0,0],"ix":1},"s":{"a":0,"k":[100,100],"ix":3},"r":{"a":0,"k":0,"ix":6},"o":{"a":0,"k":100,"ix":7},"sk":{"a":0,"k":0,"ix":4},"sa":{"a":0,"k":0,"ix":5},"nm":"Transform"}],"nm":"Group 4","np":2,"cix":2,"bm":0,"ix":4,"mn":"ADBE Vector Group","hd":false}],"ip":0,"op":450,"st":0,"bm":0},{"ddd":0,"ind":3,"ty":4,"nm":"Layer 5 Outlines","parent":4,"sr":1,"ks":{"o":{"a":0,"k":100,"ix":11},"r":{"a":0,"k":2,"ix":10},"p":{"a":0,"k":[73.368,90.978,0],"ix":2,"l":2},"a":{"a":0,"k":[27.27,44.75,0],"ix":1,"l":2},"s":{"a":0,"k":[100,100,100],"ix":6,"l":2}},"ao":0,"shapes":[{"ty":"gr","it":[{"ind":0,"ty":"sh","ix":1,"ks":{"a":0,"k":{"i":[[0,0],[0,0],[0,0],[0,0]],"o":[[0,0],[0,0],[0,0],[0,0]],"v":[[14,4.5],[-14,4.5],[-14,-4.5],[14,-4.5]],"c":true},"ix":2},"nm":"Path 1","mn":"ADBE Vector Shape - Group","hd":false},{"ty":"fl","c":{"a":0,"k":[0.909803981407,0.588235294118,0.317647058824,1],"ix":4},"o":{"a":0,"k":100,"ix":5},"r":1,"bm":0,"nm":"Fill 1","mn":"ADBE Vector Graphic - Fill","hd":false},{"ty":"tr","p":{"a":0,"k":[27.29,17.75],"ix":2},"a":{"a":0,"k":[0,0],"ix":1},"s":{"a":0,"k":[100,100],"ix":3},"r":{"a":0,"k":0,"ix":6},"o":{"a":0,"k":100,"ix":7},"sk":{"a":0,"k":0,"ix":4},"sa":{"a":0,"k":0,"ix":5},"nm":"Transform"}],"nm":"Group 1","np":2,"cix":2,"bm":0,"ix":1,"mn":"ADBE Vector Group","hd":false},{"ty":"gr","it":[{"ind":0,"ty":"sh","ix":1,"ks":{"a":0,"k":{"i":[[0,-3.866],[3.866,0],[0,3.866],[-8,0]],"o":[[0,3.866],[-3.866,0],[0,-3.866],[3.866,0]],"v":[[7.5,-0.933],[0.5,6.067],[-6.5,4.067],[0.5,-7.933]],"c":true},"ix":2},"nm":"Path 1","mn":"ADBE Vector Shape - Group","hd":false},{"ty":"fl","c":{"a":0,"k":[0.909803981407,0.588235294118,0.317647058824,1],"ix":4},"o":{"a":0,"k":100,"ix":5},"r":1,"bm":0,"nm":"Fill 1","mn":"ADBE Vector Graphic - Fill","hd":false},{"ty":"tr","p":{"a":0,"k":[46.79,8.183],"ix":2},"a":{"a":0,"k":[0,0],"ix":1},"s":{"a":0,"k":[100,100],"ix":3},"r":{"a":0,"k":0,"ix":6},"o":{"a":0,"k":100,"ix":7},"sk":{"a":0,"k":0,"ix":4},"sa":{"a":0,"k":0,"ix":5},"nm":"Transform"}],"nm":"Group 2","np":2,"cix":2,"bm":0,"ix":2,"mn":"ADBE Vector Group","hd":false},{"ty":"gr","it":[{"ind":0,"ty":"sh","ix":1,"ks":{"a":0,"k":{"i":[[0,-3.866],[-3.866,0],[0,3.866],[8,0]],"o":[[0,3.866],[3.866,0],[0,-3.866],[-3.866,0]],"v":[[-7.5,-0.933],[-0.5,6.067],[6.5,4.067],[-0.5,-7.933]],"c":true},"ix":2},"nm":"Path 1","mn":"ADBE Vector Shape - Group","hd":false},{"ty":"fl","c":{"a":0,"k":[0.909803981407,0.588235294118,0.317647058824,1],"ix":4},"o":{"a":0,"k":100,"ix":5},"r":1,"bm":0,"nm":"Fill 1","mn":"ADBE Vector Graphic - Fill","hd":false},{"ty":"tr","p":{"a":0,"k":[7.75,8.183],"ix":2},"a":{"a":0,"k":[0,0],"ix":1},"s":{"a":0,"k":[100,100],"ix":3},"r":{"a":0,"k":0,"ix":6},"o":{"a":0,"k":100,"ix":7},"sk":{"a":0,"k":0,"ix":4},"sa":{"a":0,"k":0,"ix":5},"nm":"Transform"}],"nm":"Group 3","np":2,"cix":2,"bm":0,"ix":3,"mn":"ADBE Vector Group","hd":false},{"ty":"gr","it":[{"ind":0,"ty":"sh","ix":1,"ks":{"a":0,"k":{"i":[[0,-1.933],[1.657,0],[0,1.933],[-1.657,0]],"o":[[0,1.933],[-1.657,0],[0,-1.933],[1.657,0]],"v":[[3,0],[0,3.5],[-3,0],[0,-3.5]],"c":true},"ix":2},"nm":"Path 1","mn":"ADBE Vector Shape - Group","hd":false},{"ty":"fl","c":{"a":0,"k":[0,0,0,1],"ix":4},"o":{"a":0,"k":100,"ix":5},"r":1,"bm":0,"nm":"Fill 1","mn":"ADBE Vector Graphic - Fill","hd":false},{"ty":"tr","p":{"a":0,"k":[27.29,38.75],"ix":2},"a":{"a":0,"k":[0,0],"ix":1},"s":{"a":0,"k":[100,100],"ix":3},"r":{"a":0,"k":0,"ix":6},"o":{"a":0,"k":100,"ix":7},"sk":{"a":0,"k":0,"ix":4},"sa":{"a":0,"k":0,"ix":5},"nm":"Transform"}],"nm":"Group 4","np":2,"cix":2,"bm":0,"ix":4,"mn":"ADBE Vector Group","hd":false},{"ty":"gr","it":[{"ind":0,"ty":"sh","ix":1,"ks":{"a":0,"k":{"i":[[0,-1.933],[1.657,0],[0,1.933],[-1.657,0]],"o":[[0,1.933],[-1.657,0],[0,-1.933],[1.657,0]],"v":[[3,0],[0,3.5],[-3,0],[0,-3.5]],"c":true},"ix":2},"nm":"Path 1","mn":"ADBE Vector Shape - Group","hd":false},{"ty":"fl","c":{"a":0,"k":[0,0,0,1],"ix":4},"o":{"a":0,"k":100,"ix":5},"r":1,"bm":0,"nm":"Fill 1","mn":"ADBE Vector Graphic - Fill","hd":false},{"ty":"tr","p":{"a":0,"k":[36.29,38.75],"ix":2},"a":{"a":0,"k":[0,0],"ix":1},"s":{"a":0,"k":[100,100],"ix":3},"r":{"a":0,"k":0,"ix":6},"o":{"a":0,"k":100,"ix":7},"sk":{"a":0,"k":0,"ix":4},"sa":{"a":0,"k":0,"ix":5},"nm":"Transform"}],"nm":"Group 5","np":2,"cix":2,"bm":0,"ix":5,"mn":"ADBE Vector Group","hd":false},{"ty":"gr","it":[{"ind":0,"ty":"sh","ix":1,"ks":{"a":0,"k":{"i":[[0,0],[0,0],[0,0],[0,0]],"o":[[0,0],[0,0],[0,0],[0,0]],"v":[[14,28.5],[-14,28.5],[-14,-28.5],[14,-28.5]],"c":true},"ix":2},"nm":"Path 1","mn":"ADBE Vector Shape - Group","hd":false},{"ty":"fl","c":{"a":0,"k":[0.909803981407,0.588235294118,0.317647058824,1],"ix":4},"o":{"a":0,"k":100,"ix":5},"r":1,"bm":0,"nm":"Fill 1","mn":"ADBE Vector Graphic - Fill","hd":false},{"ty":"tr","p":{"a":0,"k":[27.29,60.75],"ix":2},"a":{"a":0,"k":[0,0],"ix":1},"s":{"a":0,"k":[100,100],"ix":3},"r":{"a":0,"k":0,"ix":6},"o":{"a":0,"k":100,"ix":7},"sk":{"a":0,"k":0,"ix":4},"sa":{"a":0,"k":0,"ix":5},"nm":"Transform"}],"nm":"Group 6","np":2,"cix":2,"bm":0,"ix":6,"mn":"ADBE Vector Group","hd":false}],"ip":0,"op":450,"st":0,"bm":0},{"ddd":0,"ind":4,"ty":4,"nm":"hair","parent":5,"sr":1,"ks":{"o":{"a":0,"k":100,"ix":11},"r":{"a":1,"k":[{"i":{"x":[0.667],"y":[1]},"o":{"x":[0.333],"y":[0]},"t":0,"s":[-2]},{"i":{"x":[0.667],"y":[1]},"o":{"x":[0.333],"y":[0]},"t":2,"s":[-12]},{"i":{"x":[0.667],"y":[1]},"o":{"x":[0.333],"y":[0]},"t":3,"s":[-12]},{"i":{"x":[0.667],"y":[1]},"o":{"x":[0.333],"y":[0]},"t":4,"s":[-12]},{"i":{"x":[0.667],"y":[1]},"o":{"x":[0.333],"y":[0]},"t":5,"s":[-12]},{"i":{"x":[0.667],"y":[1]},"o":{"x":[0.333],"y":[0]},"t":6,"s":[-12]},{"i":{"x":[0.667],"y":[1]},"o":{"x":[0.333],"y":[0]},"t":8,"s":[-12]},{"i":{"x":[0.667],"y":[1]},"o":{"x":[0.333],"y":[0]},"t":9,"s":[-12]},{"i":{"x":[0.667],"y":[1]},"o":{"x":[0.333],"y":[0]},"t":10,"s":[-10]},{"i":{"x":[0.667],"y":[1]},"o":{"x":[0.333],"y":[0]},"t":11,"s":[-10]},{"i":{"x":[0.667],"y":[1]},"o":{"x":[0.333],"y":[0]},"t":12,"s":[-10]},{"i":{"x":[0.667],"y":[1]},"o":{"x":[0.333],"y":[0]},"t":14,"s":[-10]},{"i":{"x":[0.667],"y":[1]},"o":{"x":[0.333],"y":[0]},"t":15,"s":[-10]},{"i":{"x":[0.667],"y":[1]},"o":{"x":[0.333],"y":[0]},"t":16,"s":[-10]},{"i":{"x":[0.667],"y":[1]},"o":{"x":[0.333],"y":[0]},"t":17,"s":[-10]},{"i":{"x":[0.667],"y":[1]},"o":{"x":[0.333],"y":[0]},"t":18,"s":[-10]},{"i":{"x":[0.667],"y":[1]},"o":{"x":[0.333],"y":[0]},"t":20,"s":[-10]},{"i":{"x":[0.667],"y":[1]},"o":{"x":[0.333],"y":[0]},"t":21,"s":[-10]},{"i":{"x":[0.667],"y":[1]},"o":{"x":[0.333],"y":[0]},"t":22,"s":[-10]},{"i":{"x":[0.667],"y":[1]},"o":{"x":[0.333],"y":[0]},"t":24,"s":[-10]},{"i":{"x":[0.667],"y":[1]},"o":{"x":[0.333],"y":[0]},"t":26,"s":[-10]},{"i":{"x":[0.667],"y":[1]},"o":{"x":[0.333],"y":[0]},"t":27,"s":[-10]},{"i":{"x":[0.667],"y":[1]},"o":{"x":[0.333],"y":[0]},"t":28,"s":[-10]},{"i":{"x":[0.667],"y":[1]},"o":{"x":[0.333],"y":[0]},"t":29,"s":[-10]},{"i":{"x":[0.667],"y":[1]},"o":{"x":[0.333],"y":[0]},"t":30,"s":[-10]},{"i":{"x":[0.667],"y":[1]},"o":{"x":[0.333],"y":[0]},"t":32,"s":[-10]},{"i":{"x":[0.667],"y":[1]},"o":{"x":[0.333],"y":[0]},"t":33,"s":[-10]},{"i":{"x":[0.667],"y":[1]},"o":{"x":[0.333],"y":[0]},"t":34,"s":[-10]},{"i":{"x":[0.667],"y":[1]},"o":{"x":[0.333],"y":[0]},"t":35,"s":[-10]},{"i":{"x":[0.667],"y":[1]},"o":{"x":[0.333],"y":[0]},"t":36,"s":[-10]},{"t":37,"s":[-2]}],"ix":10},"p":{"a":1,"k":[{"i":{"x":0.667,"y":1},"o":{"x":0.333,"y":0},"t":0,"s":[110.468,-41.065,0],"to":[-1.691,0.25,0],"ti":[0.433,0.035,0]},{"i":{"x":0.667,"y":1},"o":{"x":0.333,"y":0},"t":2,"s":[100.325,-39.567,0],"to":[-0.263,-0.021,0],"ti":[0.027,-0.314,0]},{"i":{"x":0.667,"y":1},"o":{"x":0.333,"y":0},"t":3,"s":[99.088,-41.431,0],"to":[-0.024,0.271,0],"ti":[-0.038,0.718,0]},{"i":{"x":0.667,"y":0.667},"o":{"x":0.333,"y":0.333},"t":4,"s":[99.315,-45.74,0],"to":[0,0,0],"ti":[0,0,0]},{"i":{"x":0.667,"y":1},"o":{"x":0.333,"y":0},"t":5,"s":[99.315,-45.74,0],"to":[-0.269,-0.355,0],"ti":[0.269,0.355,0]},{"i":{"x":0.667,"y":0.667},"o":{"x":0.333,"y":0.333},"t":6,"s":[97.7,-47.869,0],"to":[0,0,0],"ti":[0,0,0]},{"i":{"x":0.667,"y":0.667},"o":{"x":0.333,"y":0.333},"t":8,"s":[97.7,-47.869,0],"to":[0,0,0],"ti":[0,0,0]},{"i":{"x":0.667,"y":1},"o":{"x":0.333,"y":0},"t":9,"s":[97.7,-47.869,0],"to":[-0.07,0.114,0],"ti":[0.07,-0.114,0]},{"i":{"x":0.667,"y":0.667},"o":{"x":0.333,"y":0.333},"t":10,"s":[97.28,-47.187,0],"to":[0,0,0],"ti":[0,0,0]},{"i":{"x":0.667,"y":0.667},"o":{"x":0.333,"y":0.333},"t":11,"s":[97.28,-47.187,0],"to":[0,0,0],"ti":[0,0,0]},{"i":{"x":0.667,"y":1},"o":{"x":0.333,"y":0},"t":12,"s":[97.28,-47.187,0],"to":[0.57,0.401,0],"ti":[-0.953,-1.05,0]},{"i":{"x":0.667,"y":1},"o":{"x":0.333,"y":0},"t":14,"s":[100.701,-44.784,0],"to":[0.953,1.05,0],"ti":[-0.728,-1.069,0]},{"i":{"x":0.667,"y":1},"o":{"x":0.333,"y":0},"t":15,"s":[102.995,-40.888,0],"to":[0.728,1.069,0],"ti":[-0.291,0.707,0]},{"i":{"x":0.667,"y":1},"o":{"x":0.333,"y":0},"t":16,"s":[105.068,-38.372,0],"to":[0.291,-0.707,0],"ti":[0.242,2.657,0]},{"i":{"x":0.667,"y":1},"o":{"x":0.333,"y":0},"t":17,"s":[104.741,-45.132,0],"to":[-0.242,-2.657,0],"ti":[0.229,1.861,0]},{"i":{"x":0.667,"y":1},"o":{"x":0.333,"y":0},"t":18,"s":[103.614,-54.313,0],"to":[-0.229,-1.861,0],"ti":[0.18,1.606,0]},{"i":{"x":0.667,"y":1},"o":{"x":0.333,"y":0},"t":20,"s":[103.37,-56.298,0],"to":[-0.18,-1.606,0],"ti":[0.221,1.601,0]},{"i":{"x":0.667,"y":1},"o":{"x":0.333,"y":0},"t":21,"s":[102.534,-63.951,0],"to":[-0.221,-1.601,0],"ti":[0.169,0.693,0]},{"i":{"x":0.667,"y":1},"o":{"x":0.333,"y":0},"t":22,"s":[102.042,-65.906,0],"to":[-0.169,-0.693,0],"ti":[0.087,0.367,0]},{"i":{"x":0.667,"y":0.667},"o":{"x":0.333,"y":0.333},"t":24,"s":[101.52,-68.109,0],"to":[0,0,0],"ti":[0,0,0]},{"i":{"x":0.667,"y":1},"o":{"x":0.333,"y":0},"t":26,"s":[101.52,-68.109,0],"to":[0,0,0],"ti":[0,0,0]},{"i":{"x":0.667,"y":0.667},"o":{"x":0.333,"y":0.333},"t":27,"s":[101.52,-68.109,0],"to":[0,0,0],"ti":[0,0,0]},{"i":{"x":0.667,"y":1},"o":{"x":0.333,"y":0},"t":28,"s":[101.52,-68.109,0],"to":[0,0.333,0],"ti":[-0.167,-0.833,0]},{"i":{"x":0.667,"y":1},"o":{"x":0.333,"y":0},"t":29,"s":[101.52,-66.109,0],"to":[0.167,0.833,0],"ti":[-0.167,-1,0]},{"i":{"x":0.667,"y":1},"o":{"x":0.333,"y":0},"t":30,"s":[102.52,-63.109,0],"to":[0.167,1,0],"ti":[-0.333,-0.833,0]},{"i":{"x":0.667,"y":1},"o":{"x":0.333,"y":0},"t":32,"s":[102.52,-60.109,0],"to":[0.333,0.833,0],"ti":[-0.333,-0.5,0]},{"i":{"x":0.667,"y":1},"o":{"x":0.333,"y":0},"t":33,"s":[104.52,-58.109,0],"to":[0.333,0.5,0],"ti":[-0.167,-0.833,0]},{"i":{"x":0.667,"y":1},"o":{"x":0.333,"y":0},"t":34,"s":[104.52,-57.109,0],"to":[0.167,0.833,0],"ti":[-0.167,-1.167,0]},{"i":{"x":0.667,"y":1},"o":{"x":0.333,"y":0},"t":35,"s":[105.52,-53.109,0],"to":[0.167,1.167,0],"ti":[-0.825,-2.007,0]},{"i":{"x":0.667,"y":1},"o":{"x":0.333,"y":0},"t":36,"s":[105.52,-50.109,0],"to":[0.825,2.007,0],"ti":[-0.825,-1.507,0]},{"t":37,"s":[110.468,-41.065,0]}],"ix":2,"l":2},"a":{"a":0,"k":[72.505,72.372,0],"ix":1,"l":2},"s":{"a":0,"k":[100,100,100],"ix":6,"l":2}},"ao":0,"shapes":[{"ty":"gr","it":[{"ind":0,"ty":"sh","ix":1,"ks":{"a":0,"k":{"i":[[0,-35.339],[35.338,0],[0,35.339],[-35.339,0]],"o":[[0,35.339],[-35.339,0],[0,-35.339],[35.338,0]],"v":[[63.987,0],[0,63.987],[-63.987,0],[0,-63.987]],"c":true},"ix":2},"nm":"Path 1","mn":"ADBE Vector Shape - Group","hd":false},{"ty":"fl","c":{"a":0,"k":[0.474509803922,0.310522101907,0.126535931756,1],"ix":4},"o":{"a":0,"k":100,"ix":5},"r":1,"bm":0,"nm":"Fill 1","mn":"ADBE Vector Graphic - Fill","hd":false},{"ty":"tr","p":{"a":0,"k":[72.54,72.381],"ix":2},"a":{"a":0,"k":[0,0],"ix":1},"s":{"a":0,"k":[100,100],"ix":3},"r":{"a":0,"k":0,"ix":6},"o":{"a":0,"k":100,"ix":7},"sk":{"a":0,"k":0,"ix":4},"sa":{"a":0,"k":0,"ix":5},"nm":"Transform"}],"nm":"Group 1","np":2,"cix":2,"bm":0,"ix":1,"mn":"ADBE Vector Group","hd":false},{"ty":"gr","it":[{"ind":0,"ty":"sh","ix":1,"ks":{"a":0,"k":{"i":[[-1.229,-4.104],[4.103,-1.229],[1.229,4.104],[-4.104,1.229]],"o":[[1.229,4.104],[-4.104,1.23],[-1.23,-4.103],[4.103,-1.229]],"v":[[7.431,-2.227],[2.227,7.429],[-7.429,2.226],[-2.225,-7.43]],"c":true},"ix":2},"nm":"Path 1","mn":"ADBE Vector Shape - Group","hd":false},{"ty":"fl","c":{"a":0,"k":[0.388235294118,0.227450980392,0.047058823529,1],"ix":4},"o":{"a":0,"k":100,"ix":5},"r":1,"bm":0,"nm":"Fill 1","mn":"ADBE Vector Graphic - Fill","hd":false},{"ty":"tr","p":{"a":0,"k":[33.218,20.958],"ix":2},"a":{"a":0,"k":[0,0],"ix":1},"s":{"a":0,"k":[100,100],"ix":3},"r":{"a":0,"k":0,"ix":6},"o":{"a":0,"k":100,"ix":7},"sk":{"a":0,"k":0,"ix":4},"sa":{"a":0,"k":0,"ix":5},"nm":"Transform"}],"nm":"Group 2","np":2,"cix":2,"bm":0,"ix":2,"mn":"ADBE Vector Group","hd":false},{"ty":"gr","it":[{"ind":0,"ty":"sh","ix":1,"ks":{"a":0,"k":{"i":[[-2.073,-3.749],[3.749,-2.073],[2.073,3.749],[-3.749,2.073]],"o":[[2.073,3.749],[-3.748,2.073],[-2.073,-3.748],[3.749,-2.072]],"v":[[6.788,-3.754],[3.753,6.788],[-6.788,3.753],[-3.753,-6.788]],"c":true},"ix":2},"nm":"Path 1","mn":"ADBE Vector Shape - Group","hd":false},{"ty":"fl","c":{"a":0,"k":[0.388235294118,0.227450980392,0.047058823529,1],"ix":4},"o":{"a":0,"k":100,"ix":5},"r":1,"bm":0,"nm":"Fill 1","mn":"ADBE Vector Graphic - Fill","hd":false},{"ty":"tr","p":{"a":0,"k":[23.141,32.623],"ix":2},"a":{"a":0,"k":[0,0],"ix":1},"s":{"a":0,"k":[100,100],"ix":3},"r":{"a":0,"k":0,"ix":6},"o":{"a":0,"k":100,"ix":7},"sk":{"a":0,"k":0,"ix":4},"sa":{"a":0,"k":0,"ix":5},"nm":"Transform"}],"nm":"Group 3","np":2,"cix":2,"bm":0,"ix":3,"mn":"ADBE Vector Group","hd":false},{"ty":"gr","it":[{"ind":0,"ty":"sh","ix":1,"ks":{"a":0,"k":{"i":[[-2.822,-3.223],[3.223,-2.822],[2.822,3.223],[-3.223,2.822]],"o":[[2.822,3.223],[-3.223,2.822],[-2.822,-3.223],[3.223,-2.821]],"v":[[5.836,-5.11],[5.109,5.835],[-5.836,5.108],[-5.109,-5.837]],"c":true},"ix":2},"nm":"Path 1","mn":"ADBE Vector Shape - Group","hd":false},{"ty":"fl","c":{"a":0,"k":[0.388235294118,0.227450980392,0.047058823529,1],"ix":4},"o":{"a":0,"k":100,"ix":5},"r":1,"bm":0,"nm":"Fill 1","mn":"ADBE Vector Graphic - Fill","hd":false},{"ty":"tr","p":{"a":0,"k":[15.794,44.022],"ix":2},"a":{"a":0,"k":[0,0],"ix":1},"s":{"a":0,"k":[100,100],"ix":3},"r":{"a":0,"k":0,"ix":6},"o":{"a":0,"k":100,"ix":7},"sk":{"a":0,"k":0,"ix":4},"sa":{"a":0,"k":0,"ix":5},"nm":"Transform"}],"nm":"Group 4","np":2,"cix":2,"bm":0,"ix":4,"mn":"ADBE Vector Group","hd":false},{"ty":"gr","it":[{"ind":0,"ty":"sh","ix":1,"ks":{"a":0,"k":{"i":[[-3.442,-2.55],[2.551,-3.442],[3.441,2.55],[-2.55,3.442]],"o":[[3.442,2.55],[-2.55,3.442],[-3.442,-2.55],[2.551,-3.442]],"v":[[4.618,-6.232],[6.232,4.618],[-4.617,6.232],[-6.232,-4.618]],"c":true},"ix":2},"nm":"Path 1","mn":"ADBE Vector Shape - Group","hd":false},{"ty":"fl","c":{"a":0,"k":[0.388235294118,0.227450980392,0.047058823529,1],"ix":4},"o":{"a":0,"k":100,"ix":5},"r":1,"bm":0,"nm":"Fill 1","mn":"ADBE Vector Graphic - Fill","hd":false},{"ty":"tr","p":{"a":0,"k":[11.035,56.722],"ix":2},"a":{"a":0,"k":[0,0],"ix":1},"s":{"a":0,"k":[100,100],"ix":3},"r":{"a":0,"k":0,"ix":6},"o":{"a":0,"k":100,"ix":7},"sk":{"a":0,"k":0,"ix":4},"sa":{"a":0,"k":0,"ix":5},"nm":"Transform"}],"nm":"Group 5","np":2,"cix":2,"bm":0,"ix":5,"mn":"ADBE Vector Group","hd":false},{"ty":"gr","it":[{"ind":0,"ty":"sh","ix":1,"ks":{"a":0,"k":{"i":[[-3.905,-1.761],[1.761,-3.905],[3.905,1.761],[-1.762,3.905]],"o":[[3.905,1.761],[-1.762,3.905],[-3.905,-1.761],[1.761,-3.905]],"v":[[3.189,-7.071],[7.071,3.188],[-3.189,7.071],[-7.07,-3.188]],"c":true},"ix":2},"nm":"Path 1","mn":"ADBE Vector Shape - Group","hd":false},{"ty":"fl","c":{"a":0,"k":[0.388235294118,0.227450980392,0.047058823529,1],"ix":4},"o":{"a":0,"k":100,"ix":5},"r":1,"bm":0,"nm":"Fill 1","mn":"ADBE Vector Graphic - Fill","hd":false},{"ty":"tr","p":{"a":0,"k":[9.082,70.143],"ix":2},"a":{"a":0,"k":[0,0],"ix":1},"s":{"a":0,"k":[100,100],"ix":3},"r":{"a":0,"k":0,"ix":6},"o":{"a":0,"k":100,"ix":7},"sk":{"a":0,"k":0,"ix":4},"sa":{"a":0,"k":0,"ix":5},"nm":"Transform"}],"nm":"Group 6","np":2,"cix":2,"bm":0,"ix":6,"mn":"ADBE Vector Group","hd":false},{"ty":"gr","it":[{"ind":0,"ty":"sh","ix":1,"ks":{"a":0,"k":{"i":[[-4.19,-0.892],[0.892,-4.19],[4.19,0.892],[-0.892,4.19]],"o":[[4.19,0.892],[-0.892,4.19],[-4.19,-0.892],[0.892,-4.19]],"v":[[1.615,-7.587],[7.587,1.615],[-1.614,7.587],[-7.587,-1.614]],"c":true},"ix":2},"nm":"Path 1","mn":"ADBE Vector Shape - Group","hd":false},{"ty":"fl","c":{"a":0,"k":[0.388235294118,0.227450980392,0.047058823529,1],"ix":4},"o":{"a":0,"k":100,"ix":5},"r":1,"bm":0,"nm":"Fill 1","mn":"ADBE Vector Graphic - Fill","hd":false},{"ty":"tr","p":{"a":0,"k":[10.024,83.672],"ix":2},"a":{"a":0,"k":[0,0],"ix":1},"s":{"a":0,"k":[100,100],"ix":3},"r":{"a":0,"k":0,"ix":6},"o":{"a":0,"k":100,"ix":7},"sk":{"a":0,"k":0,"ix":4},"sa":{"a":0,"k":0,"ix":5},"nm":"Transform"}],"nm":"Group 7","np":2,"cix":2,"bm":0,"ix":7,"mn":"ADBE Vector Group","hd":false},{"ty":"gr","it":[{"ind":0,"ty":"sh","ix":1,"ks":{"a":0,"k":{"i":[[-4.284,0.018],[-0.019,-4.284],[4.284,-0.019],[0.019,4.283]],"o":[[4.284,-0.018],[0.018,4.284],[-4.284,0.018],[-0.018,-4.284]],"v":[[-0.033,-7.757],[7.757,-0.033],[0.034,7.756],[-7.757,0.033]],"c":true},"ix":2},"nm":"Path 1","mn":"ADBE Vector Shape - Group","hd":false},{"ty":"fl","c":{"a":0,"k":[0.388235294118,0.227450980392,0.047058823529,1],"ix":4},"o":{"a":0,"k":100,"ix":5},"r":1,"bm":0,"nm":"Fill 1","mn":"ADBE Vector Graphic - Fill","hd":false},{"ty":"tr","p":{"a":0,"k":[13.817,96.694],"ix":2},"a":{"a":0,"k":[0,0],"ix":1},"s":{"a":0,"k":[100,100],"ix":3},"r":{"a":0,"k":0,"ix":6},"o":{"a":0,"k":100,"ix":7},"sk":{"a":0,"k":0,"ix":4},"sa":{"a":0,"k":0,"ix":5},"nm":"Transform"}],"nm":"Group 8","np":2,"cix":2,"bm":0,"ix":8,"mn":"ADBE Vector Group","hd":false},{"ty":"gr","it":[{"ind":0,"ty":"sh","ix":1,"ks":{"a":0,"k":{"i":[[-4.182,0.928],[-0.928,-4.182],[4.182,-0.928],[0.927,4.182]],"o":[[4.182,-0.928],[0.928,4.182],[-4.182,0.927],[-0.928,-4.182]],"v":[[-1.68,-7.572],[7.572,-1.68],[1.68,7.573],[-7.572,1.68]],"c":true},"ix":2},"nm":"Path 1","mn":"ADBE Vector Shape - Group","hd":false},{"ty":"fl","c":{"a":0,"k":[0.388235294118,0.227450980392,0.047058823529,1],"ix":4},"o":{"a":0,"k":100,"ix":5},"r":1,"bm":0,"nm":"Fill 1","mn":"ADBE Vector Graphic - Fill","hd":false},{"ty":"tr","p":{"a":0,"k":[20.289,108.611],"ix":2},"a":{"a":0,"k":[0,0],"ix":1},"s":{"a":0,"k":[100,100],"ix":3},"r":{"a":0,"k":0,"ix":6},"o":{"a":0,"k":100,"ix":7},"sk":{"a":0,"k":0,"ix":4},"sa":{"a":0,"k":0,"ix":5},"nm":"Transform"}],"nm":"Group 9","np":2,"cix":2,"bm":0,"ix":9,"mn":"ADBE Vector Group","hd":false},{"ty":"gr","it":[{"ind":0,"ty":"sh","ix":1,"ks":{"a":0,"k":{"i":[[-3.89,1.795],[-1.795,-3.89],[3.89,-1.795],[1.795,3.889]],"o":[[3.89,-1.795],[1.794,3.89],[-3.889,1.794],[-1.795,-3.89]],"v":[[-3.249,-7.043],[7.044,-3.249],[3.25,7.044],[-7.043,3.251]],"c":true},"ix":2},"nm":"Path 1","mn":"ADBE Vector Shape - Group","hd":false},{"ty":"fl","c":{"a":0,"k":[0.388235294118,0.227450980392,0.047058823529,1],"ix":4},"o":{"a":0,"k":100,"ix":5},"r":1,"bm":0,"nm":"Fill 1","mn":"ADBE Vector Graphic - Fill","hd":false},{"ty":"tr","p":{"a":0,"k":[29.145,118.883],"ix":2},"a":{"a":0,"k":[0,0],"ix":1},"s":{"a":0,"k":[100,100],"ix":3},"r":{"a":0,"k":0,"ix":6},"o":{"a":0,"k":100,"ix":7},"sk":{"a":0,"k":0,"ix":4},"sa":{"a":0,"k":0,"ix":5},"nm":"Transform"}],"nm":"Group 10","np":2,"cix":2,"bm":0,"ix":10,"mn":"ADBE Vector Group","hd":false},{"ty":"gr","it":[{"ind":0,"ty":"sh","ix":1,"ks":{"a":0,"k":{"i":[[-3.42,2.58],[-2.58,-3.42],[3.419,-2.58],[2.58,3.42]],"o":[[3.42,-2.58],[2.58,3.419],[-3.42,2.58],[-2.58,-3.419]],"v":[[-4.671,-6.192],[6.192,-4.671],[4.672,6.192],[-6.192,4.671]],"c":true},"ix":2},"nm":"Path 1","mn":"ADBE Vector Shape - Group","hd":false},{"ty":"fl","c":{"a":0,"k":[0.388235294118,0.227450980392,0.047058823529,1],"ix":4},"o":{"a":0,"k":100,"ix":5},"r":1,"bm":0,"nm":"Fill 1","mn":"ADBE Vector Graphic - Fill","hd":false},{"ty":"tr","p":{"a":0,"k":[39.98,127.04],"ix":2},"a":{"a":0,"k":[0,0],"ix":1},"s":{"a":0,"k":[100,100],"ix":3},"r":{"a":0,"k":0,"ix":6},"o":{"a":0,"k":100,"ix":7},"sk":{"a":0,"k":0,"ix":4},"sa":{"a":0,"k":0,"ix":5},"nm":"Transform"}],"nm":"Group 11","np":2,"cix":2,"bm":0,"ix":11,"mn":"ADBE Vector Group","hd":false},{"ty":"gr","it":[{"ind":0,"ty":"sh","ix":1,"ks":{"a":0,"k":{"i":[[-2.794,3.247],[-3.247,-2.794],[2.793,-3.247],[3.247,2.794]],"o":[[2.794,-3.247],[3.248,2.794],[-2.794,3.248],[-3.247,-2.793]],"v":[[-5.879,-5.059],[5.059,-5.88],[5.88,5.058],[-5.059,5.88]],"c":true},"ix":2},"nm":"Path 1","mn":"ADBE Vector Shape - Group","hd":false},{"ty":"fl","c":{"a":0,"k":[0.388235294118,0.227450980392,0.047058823529,1],"ix":4},"o":{"a":0,"k":100,"ix":5},"r":1,"bm":0,"nm":"Fill 1","mn":"ADBE Vector Graphic - Fill","hd":false},{"ty":"tr","p":{"a":0,"k":[52.3,132.71],"ix":2},"a":{"a":0,"k":[0,0],"ix":1},"s":{"a":0,"k":[100,100],"ix":3},"r":{"a":0,"k":0,"ix":6},"o":{"a":0,"k":100,"ix":7},"sk":{"a":0,"k":0,"ix":4},"sa":{"a":0,"k":0,"ix":5},"nm":"Transform"}],"nm":"Group 12","np":2,"cix":2,"bm":0,"ix":12,"mn":"ADBE Vector Group","hd":false},{"ty":"gr","it":[{"ind":0,"ty":"sh","ix":1,"ks":{"a":0,"k":{"i":[[-2.04,3.767],[-3.766,-2.041],[2.04,-3.767],[3.767,2.041]],"o":[[2.04,-3.767],[3.767,2.04],[-2.041,3.767],[-3.766,-2.04]],"v":[[-6.82,-3.695],[3.694,-6.82],[6.82,3.694],[-3.695,6.819]],"c":true},"ix":2},"nm":"Path 1","mn":"ADBE Vector Shape - Group","hd":false},{"ty":"fl","c":{"a":0,"k":[0.388235294118,0.227450980392,0.047058823529,1],"ix":4},"o":{"a":0,"k":100,"ix":5},"r":1,"bm":0,"nm":"Fill 1","mn":"ADBE Vector Graphic - Fill","hd":false},{"ty":"tr","p":{"a":0,"k":[65.544,135.634],"ix":2},"a":{"a":0,"k":[0,0],"ix":1},"s":{"a":0,"k":[100,100],"ix":3},"r":{"a":0,"k":0,"ix":6},"o":{"a":0,"k":100,"ix":7},"sk":{"a":0,"k":0,"ix":4},"sa":{"a":0,"k":0,"ix":5},"nm":"Transform"}],"nm":"Group 13","np":2,"cix":2,"bm":0,"ix":13,"mn":"ADBE Vector Group","hd":false},{"ty":"gr","it":[{"ind":0,"ty":"sh","ix":1,"ks":{"a":0,"k":{"i":[[-1.194,4.114],[-4.114,-1.194],[1.194,-4.114],[4.114,1.194]],"o":[[1.194,-4.114],[4.114,1.194],[-1.194,4.114],[-4.114,-1.194]],"v":[[-7.449,-2.162],[2.162,-7.449],[7.449,2.162],[-2.162,7.449]],"c":true},"ix":2},"nm":"Path 1","mn":"ADBE Vector Shape - Group","hd":false},{"ty":"fl","c":{"a":0,"k":[0.388235294118,0.227450980392,0.047058823529,1],"ix":4},"o":{"a":0,"k":100,"ix":5},"r":1,"bm":0,"nm":"Fill 1","mn":"ADBE Vector Graphic - Fill","hd":false},{"ty":"tr","p":{"a":0,"k":[79.106,135.679],"ix":2},"a":{"a":0,"k":[0,0],"ix":1},"s":{"a":0,"k":[100,100],"ix":3},"r":{"a":0,"k":0,"ix":6},"o":{"a":0,"k":100,"ix":7},"sk":{"a":0,"k":0,"ix":4},"sa":{"a":0,"k":0,"ix":5},"nm":"Transform"}],"nm":"Group 14","np":2,"cix":2,"bm":0,"ix":14,"mn":"ADBE Vector Group","hd":false},{"ty":"gr","it":[{"ind":0,"ty":"sh","ix":1,"ks":{"a":0,"k":{"i":[[-0.293,4.274],[-4.274,-0.293],[0.293,-4.274],[4.273,0.293]],"o":[[0.293,-4.274],[4.273,0.293],[-0.293,4.274],[-4.274,-0.293]],"v":[[-7.738,-0.531],[0.531,-7.738],[7.738,0.53],[-0.53,7.738]],"c":true},"ix":2},"nm":"Path 1","mn":"ADBE Vector Shape - Group","hd":false},{"ty":"fl","c":{"a":0,"k":[0.388235294118,0.227450980392,0.047058823529,1],"ix":4},"o":{"a":0,"k":100,"ix":5},"r":1,"bm":0,"nm":"Fill 1","mn":"ADBE Vector Graphic - Fill","hd":false},{"ty":"tr","p":{"a":0,"k":[92.368,132.842],"ix":2},"a":{"a":0,"k":[0,0],"ix":1},"s":{"a":0,"k":[100,100],"ix":3},"r":{"a":0,"k":0,"ix":6},"o":{"a":0,"k":100,"ix":7},"sk":{"a":0,"k":0,"ix":4},"sa":{"a":0,"k":0,"ix":5},"nm":"Transform"}],"nm":"Group 15","np":2,"cix":2,"bm":0,"ix":15,"mn":"ADBE Vector Group","hd":false},{"ty":"gr","it":[{"ind":0,"ty":"sh","ix":1,"ks":{"a":0,"k":{"i":[[0.621,4.238],[-4.238,0.621],[-0.622,-4.238],[4.239,-0.621]],"o":[[-0.621,-4.238],[4.239,-0.622],[0.621,4.239],[-4.238,0.622]],"v":[[-7.674,1.125],[-1.126,-7.674],[7.675,-1.125],[1.124,7.674]],"c":true},"ix":2},"nm":"Path 1","mn":"ADBE Vector Shape - Group","hd":false},{"ty":"fl","c":{"a":0,"k":[0.388235294118,0.227450980392,0.047058823529,1],"ix":4},"o":{"a":0,"k":100,"ix":5},"r":1,"bm":0,"nm":"Fill 1","mn":"ADBE Vector Graphic - Fill","hd":false},{"ty":"tr","p":{"a":0,"k":[104.726,127.253],"ix":2},"a":{"a":0,"k":[0,0],"ix":1},"s":{"a":0,"k":[100,100],"ix":3},"r":{"a":0,"k":0,"ix":6},"o":{"a":0,"k":100,"ix":7},"sk":{"a":0,"k":0,"ix":4},"sa":{"a":0,"k":0,"ix":5},"nm":"Transform"}],"nm":"Group 16","np":2,"cix":2,"bm":0,"ix":16,"mn":"ADBE Vector Group","hd":false},{"ty":"gr","it":[{"ind":0,"ty":"sh","ix":1,"ks":{"a":0,"k":{"i":[[1.507,4.01],[-4.01,1.508],[-1.507,-4.01],[4.01,-1.507]],"o":[[-1.507,-4.01],[4.01,-1.507],[1.507,4.01],[-4.009,1.508]],"v":[[-7.26,2.729],[-2.73,-7.261],[7.261,-2.729],[2.729,7.26]],"c":true},"ix":2},"nm":"Path 1","mn":"ADBE Vector Shape - Group","hd":false},{"ty":"fl","c":{"a":0,"k":[0.388235294118,0.227450980392,0.047058823529,1],"ix":4},"o":{"a":0,"k":100,"ix":5},"r":1,"bm":0,"nm":"Fill 1","mn":"ADBE Vector Graphic - Fill","hd":false},{"ty":"tr","p":{"a":0,"k":[115.615,119.168],"ix":2},"a":{"a":0,"k":[0,0],"ix":1},"s":{"a":0,"k":[100,100],"ix":3},"r":{"a":0,"k":0,"ix":6},"o":{"a":0,"k":100,"ix":7},"sk":{"a":0,"k":0,"ix":4},"sa":{"a":0,"k":0,"ix":5},"nm":"Transform"}],"nm":"Group 17","np":2,"cix":2,"bm":0,"ix":17,"mn":"ADBE Vector Group","hd":false},{"ty":"gr","it":[{"ind":0,"ty":"sh","ix":1,"ks":{"a":0,"k":{"i":[[2.324,3.598],[-3.598,2.324],[-2.324,-3.598],[3.598,-2.324]],"o":[[-2.324,-3.598],[3.599,-2.324],[2.325,3.599],[-3.598,2.325]],"v":[[-6.515,4.208],[-4.209,-6.516],[6.515,-4.21],[4.209,6.515]],"c":true},"ix":2},"nm":"Path 1","mn":"ADBE Vector Shape - Group","hd":false},{"ty":"fl","c":{"a":0,"k":[0.388235294118,0.227450980392,0.047058823529,1],"ix":4},"o":{"a":0,"k":100,"ix":5},"r":1,"bm":0,"nm":"Fill 1","mn":"ADBE Vector Graphic - Fill","hd":false},{"ty":"tr","p":{"a":0,"k":[124.538,108.955],"ix":2},"a":{"a":0,"k":[0,0],"ix":1},"s":{"a":0,"k":[100,100],"ix":3},"r":{"a":0,"k":0,"ix":6},"o":{"a":0,"k":100,"ix":7},"sk":{"a":0,"k":0,"ix":4},"sa":{"a":0,"k":0,"ix":5},"nm":"Transform"}],"nm":"Group 18","np":2,"cix":2,"bm":0,"ix":18,"mn":"ADBE Vector Group","hd":false},{"ty":"gr","it":[{"ind":0,"ty":"sh","ix":1,"ks":{"a":0,"k":{"i":[[3.036,3.022],[-3.022,3.035],[-3.035,-3.022],[3.023,-3.035]],"o":[[-3.036,-3.023],[3.023,-3.036],[3.036,3.023],[-3.022,3.036]],"v":[[-5.473,5.496],[-5.497,-5.473],[5.472,-5.496],[5.496,5.473]],"c":true},"ix":2},"nm":"Path 1","mn":"ADBE Vector Shape - Group","hd":false},{"ty":"fl","c":{"a":0,"k":[0.388235294118,0.227450980392,0.047058823529,1],"ix":4},"o":{"a":0,"k":100,"ix":5},"r":1,"bm":0,"nm":"Fill 1","mn":"ADBE Vector Graphic - Fill","hd":false},{"ty":"tr","p":{"a":0,"k":[131.088,97.079],"ix":2},"a":{"a":0,"k":[0,0],"ix":1},"s":{"a":0,"k":[100,100],"ix":3},"r":{"a":0,"k":0,"ix":6},"o":{"a":0,"k":100,"ix":7},"sk":{"a":0,"k":0,"ix":4},"sa":{"a":0,"k":0,"ix":5},"nm":"Transform"}],"nm":"Group 19","np":2,"cix":2,"bm":0,"ix":19,"mn":"ADBE Vector Group","hd":false},{"ty":"gr","it":[{"ind":0,"ty":"sh","ix":1,"ks":{"a":0,"k":{"i":[[3.608,2.309],[-2.309,3.608],[-3.608,-2.308],[2.309,-3.608]],"o":[[-3.608,-2.309],[2.309,-3.608],[3.608,2.309],[-2.309,3.609]],"v":[[-4.18,6.533],[-6.534,-4.181],[4.181,-6.534],[6.534,4.18]],"c":true},"ix":2},"nm":"Path 1","mn":"ADBE Vector Shape - Group","hd":false},{"ty":"fl","c":{"a":0,"k":[0.388235294118,0.227450980392,0.047058823529,1],"ix":4},"o":{"a":0,"k":100,"ix":5},"r":1,"bm":0,"nm":"Fill 1","mn":"ADBE Vector Graphic - Fill","hd":false},{"ty":"tr","p":{"a":0,"k":[134.967,84.083],"ix":2},"a":{"a":0,"k":[0,0],"ix":1},"s":{"a":0,"k":[100,100],"ix":3},"r":{"a":0,"k":0,"ix":6},"o":{"a":0,"k":100,"ix":7},"sk":{"a":0,"k":0,"ix":4},"sa":{"a":0,"k":0,"ix":5},"nm":"Transform"}],"nm":"Group 20","np":2,"cix":2,"bm":0,"ix":20,"mn":"ADBE Vector Group","hd":false},{"ty":"gr","it":[{"ind":0,"ty":"sh","ix":1,"ks":{"a":0,"k":{"i":[[4.016,1.49],[-1.49,4.016],[-4.017,-1.49],[1.49,-4.017]],"o":[[-4.016,-1.49],[1.49,-4.016],[4.016,1.49],[-1.49,4.016]],"v":[[-2.698,7.272],[-7.272,-2.698],[2.698,-7.272],[7.272,2.698]],"c":true},"ix":2},"nm":"Path 1","mn":"ADBE Vector Shape - Group","hd":false},{"ty":"fl","c":{"a":0,"k":[0.388235294118,0.227450980392,0.047058823529,1],"ix":4},"o":{"a":0,"k":100,"ix":5},"r":1,"bm":0,"nm":"Fill 1","mn":"ADBE Vector Graphic - Fill","hd":false},{"ty":"tr","p":{"a":0,"k":[135.998,70.56],"ix":2},"a":{"a":0,"k":[0,0],"ix":1},"s":{"a":0,"k":[100,100],"ix":3},"r":{"a":0,"k":0,"ix":6},"o":{"a":0,"k":100,"ix":7},"sk":{"a":0,"k":0,"ix":4},"sa":{"a":0,"k":0,"ix":5},"nm":"Transform"}],"nm":"Group 21","np":2,"cix":2,"bm":0,"ix":21,"mn":"ADBE Vector Group","hd":false},{"ty":"gr","it":[{"ind":0,"ty":"sh","ix":1,"ks":{"a":0,"k":{"i":[[4.241,0.603],[-0.603,4.241],[-4.241,-0.603],[0.603,-4.241]],"o":[[-4.241,-0.603],[0.603,-4.241],[4.241,0.603],[-0.603,4.241]],"v":[[-1.092,7.679],[-7.679,-1.092],[1.092,-7.679],[7.679,1.092]],"c":true},"ix":2},"nm":"Path 1","mn":"ADBE Vector Shape - Group","hd":false},{"ty":"fl","c":{"a":0,"k":[0.388235294118,0.227450980392,0.047058823529,1],"ix":4},"o":{"a":0,"k":100,"ix":5},"r":1,"bm":0,"nm":"Fill 1","mn":"ADBE Vector Graphic - Fill","hd":false},{"ty":"tr","p":{"a":0,"k":[134.133,57.127],"ix":2},"a":{"a":0,"k":[0,0],"ix":1},"s":{"a":0,"k":[100,100],"ix":3},"r":{"a":0,"k":0,"ix":6},"o":{"a":0,"k":100,"ix":7},"sk":{"a":0,"k":0,"ix":4},"sa":{"a":0,"k":0,"ix":5},"nm":"Transform"}],"nm":"Group 22","np":2,"cix":2,"bm":0,"ix":22,"mn":"ADBE Vector Group","hd":false},{"ty":"gr","it":[{"ind":0,"ty":"sh","ix":1,"ks":{"a":0,"k":{"i":[[4.272,-0.311],[0.312,4.272],[-4.272,0.312],[-0.312,-4.272]],"o":[[-4.272,0.311],[-0.311,-4.272],[4.272,-0.311],[0.311,4.273]],"v":[[0.564,7.736],[-7.736,0.564],[-0.564,-7.736],[7.736,-0.564]],"c":true},"ix":2},"nm":"Path 1","mn":"ADBE Vector Shape - Group","hd":false},{"ty":"fl","c":{"a":0,"k":[0.388235294118,0.227450980392,0.047058823529,1],"ix":4},"o":{"a":0,"k":100,"ix":5},"r":1,"bm":0,"nm":"Fill 1","mn":"ADBE Vector Graphic - Fill","hd":false},{"ty":"tr","p":{"a":0,"k":[129.457,44.395],"ix":2},"a":{"a":0,"k":[0,0],"ix":1},"s":{"a":0,"k":[100,100],"ix":3},"r":{"a":0,"k":0,"ix":6},"o":{"a":0,"k":100,"ix":7},"sk":{"a":0,"k":0,"ix":4},"sa":{"a":0,"k":0,"ix":5},"nm":"Transform"}],"nm":"Group 23","np":2,"cix":2,"bm":0,"ix":23,"mn":"ADBE Vector Group","hd":false},{"ty":"gr","it":[{"ind":0,"ty":"sh","ix":1,"ks":{"a":0,"k":{"i":[[4.109,-1.212],[1.212,4.109],[-4.109,1.211],[-1.212,-4.108]],"o":[[-4.109,1.212],[-1.211,-4.108],[4.109,-1.212],[1.211,4.109]],"v":[[2.194,7.439],[-7.44,2.194],[-2.194,-7.44],[7.44,-2.194]],"c":true},"ix":2},"nm":"Path 1","mn":"ADBE Vector Shape - Group","hd":false},{"ty":"fl","c":{"a":0,"k":[0.388235294118,0.227450980392,0.047058823529,1],"ix":4},"o":{"a":0,"k":100,"ix":5},"r":1,"bm":0,"nm":"Fill 1","mn":"ADBE Vector Graphic - Fill","hd":false},{"ty":"tr","p":{"a":0,"k":[122.185,32.948],"ix":2},"a":{"a":0,"k":[0,0],"ix":1},"s":{"a":0,"k":[100,100],"ix":3},"r":{"a":0,"k":0,"ix":6},"o":{"a":0,"k":100,"ix":7},"sk":{"a":0,"k":0,"ix":4},"sa":{"a":0,"k":0,"ix":5},"nm":"Transform"}],"nm":"Group 24","np":2,"cix":2,"bm":0,"ix":24,"mn":"ADBE Vector Group","hd":false},{"ty":"gr","it":[{"ind":0,"ty":"sh","ix":1,"ks":{"a":0,"k":{"i":[[3.758,-2.057],[2.057,3.758],[-3.758,2.057],[-2.057,-3.758]],"o":[[-3.758,2.057],[-2.057,-3.758],[3.758,-2.057],[2.057,3.758]],"v":[[3.724,6.804],[-6.804,3.724],[-3.724,-6.804],[6.804,-3.724]],"c":true},"ix":2},"nm":"Path 1","mn":"ADBE Vector Shape - Group","hd":false},{"ty":"fl","c":{"a":0,"k":[0.388235294118,0.227450980392,0.047058823529,1],"ix":4},"o":{"a":0,"k":100,"ix":5},"r":1,"bm":0,"nm":"Fill 1","mn":"ADBE Vector Graphic - Fill","hd":false},{"ty":"tr","p":{"a":0,"k":[112.647,23.306],"ix":2},"a":{"a":0,"k":[0,0],"ix":1},"s":{"a":0,"k":[100,100],"ix":3},"r":{"a":0,"k":0,"ix":6},"o":{"a":0,"k":100,"ix":7},"sk":{"a":0,"k":0,"ix":4},"sa":{"a":0,"k":0,"ix":5},"nm":"Transform"}],"nm":"Group 25","np":2,"cix":2,"bm":0,"ix":25,"mn":"ADBE Vector Group","hd":false},{"ty":"gr","it":[{"ind":0,"ty":"sh","ix":1,"ks":{"a":0,"k":{"i":[[3.235,-2.808],[2.808,3.235],[-3.235,2.808],[-2.808,-3.235]],"o":[[-3.235,2.808],[-2.808,-3.235],[3.235,-2.808],[2.808,3.235]],"v":[[5.084,5.858],[-5.858,5.084],[-5.084,-5.858],[5.858,-5.084]],"c":true},"ix":2},"nm":"Path 1","mn":"ADBE Vector Shape - Group","hd":false},{"ty":"fl","c":{"a":0,"k":[0.388235294118,0.227450980392,0.047058823529,1],"ix":4},"o":{"a":0,"k":100,"ix":5},"r":1,"bm":0,"nm":"Fill 1","mn":"ADBE Vector Graphic - Fill","hd":false},{"ty":"tr","p":{"a":0,"k":[101.279,15.909],"ix":2},"a":{"a":0,"k":[0,0],"ix":1},"s":{"a":0,"k":[100,100],"ix":3},"r":{"a":0,"k":0,"ix":6},"o":{"a":0,"k":100,"ix":7},"sk":{"a":0,"k":0,"ix":4},"sa":{"a":0,"k":0,"ix":5},"nm":"Transform"}],"nm":"Group 26","np":2,"cix":2,"bm":0,"ix":26,"mn":"ADBE Vector Group","hd":false},{"ty":"gr","it":[{"ind":0,"ty":"sh","ix":1,"ks":{"a":0,"k":{"i":[[2.565,-3.431],[3.431,2.566],[-2.565,3.431],[-3.431,-2.565]],"o":[[-2.565,3.431],[-3.43,-2.565],[2.565,-3.431],[3.43,2.566]],"v":[[6.212,4.644],[-4.645,6.212],[-6.212,-4.644],[4.645,-6.213]],"c":true},"ix":2},"nm":"Path 1","mn":"ADBE Vector Shape - Group","hd":false},{"ty":"fl","c":{"a":0,"k":[0.388235294118,0.227450980392,0.047058823529,1],"ix":4},"o":{"a":0,"k":100,"ix":5},"r":1,"bm":0,"nm":"Fill 1","mn":"ADBE Vector Graphic - Fill","hd":false},{"ty":"tr","p":{"a":0,"k":[88.6,11.096],"ix":2},"a":{"a":0,"k":[0,0],"ix":1},"s":{"a":0,"k":[100,100],"ix":3},"r":{"a":0,"k":0,"ix":6},"o":{"a":0,"k":100,"ix":7},"sk":{"a":0,"k":0,"ix":4},"sa":{"a":0,"k":0,"ix":5},"nm":"Transform"}],"nm":"Group 27","np":2,"cix":2,"bm":0,"ix":27,"mn":"ADBE Vector Group","hd":false},{"ty":"gr","it":[{"ind":0,"ty":"sh","ix":1,"ks":{"a":0,"k":{"i":[[1.778,-3.897],[3.897,1.778],[-1.778,3.898],[-3.898,-1.778]],"o":[[-1.778,3.897],[-3.897,-1.778],[1.778,-3.897],[3.897,1.778]],"v":[[7.057,3.219],[-3.219,7.056],[-7.056,-3.22],[3.22,-7.056]],"c":true},"ix":2},"nm":"Path 1","mn":"ADBE Vector Shape - Group","hd":false},{"ty":"fl","c":{"a":0,"k":[0.388235294118,0.227450980392,0.047058823529,1],"ix":4},"o":{"a":0,"k":100,"ix":5},"r":1,"bm":0,"nm":"Fill 1","mn":"ADBE Vector Graphic - Fill","hd":false},{"ty":"tr","p":{"a":0,"k":[75.188,9.085],"ix":2},"a":{"a":0,"k":[0,0],"ix":1},"s":{"a":0,"k":[100,100],"ix":3},"r":{"a":0,"k":0,"ix":6},"o":{"a":0,"k":100,"ix":7},"sk":{"a":0,"k":0,"ix":4},"sa":{"a":0,"k":0,"ix":5},"nm":"Transform"}],"nm":"Group 28","np":2,"cix":2,"bm":0,"ix":28,"mn":"ADBE Vector Group","hd":false},{"ty":"gr","it":[{"ind":0,"ty":"sh","ix":1,"ks":{"a":0,"k":{"i":[[0.91,-4.186],[4.186,0.91],[-0.91,4.186],[-4.186,-0.909]],"o":[[-0.91,4.186],[-4.186,-0.91],[0.91,-4.187],[4.186,0.91]],"v":[[7.58,1.647],[-1.648,7.579],[-7.58,-1.647],[1.648,-7.58]],"c":true},"ix":2},"nm":"Path 1","mn":"ADBE Vector Shape - Group","hd":false},{"ty":"fl","c":{"a":0,"k":[0.388235294118,0.227450980392,0.047058823529,1],"ix":4},"o":{"a":0,"k":100,"ix":5},"r":1,"bm":0,"nm":"Fill 1","mn":"ADBE Vector Graphic - Fill","hd":false},{"ty":"tr","p":{"a":0,"k":[61.654,9.968],"ix":2},"a":{"a":0,"k":[0,0],"ix":1},"s":{"a":0,"k":[100,100],"ix":3},"r":{"a":0,"k":0,"ix":6},"o":{"a":0,"k":100,"ix":7},"sk":{"a":0,"k":0,"ix":4},"sa":{"a":0,"k":0,"ix":5},"nm":"Transform"}],"nm":"Group 29","np":2,"cix":2,"bm":0,"ix":29,"mn":"ADBE Vector Group","hd":false},{"ty":"gr","it":[{"ind":0,"ty":"sh","ix":1,"ks":{"a":0,"k":{"i":[[0,-4.284],[4.283,0],[0,4.284],[-4.284,0]],"o":[[0,4.284],[-4.284,0],[0,-4.284],[4.283,0]],"v":[[7.757,0],[0,7.756],[-7.757,0],[0,-7.756]],"c":true},"ix":2},"nm":"Path 1","mn":"ADBE Vector Shape - Group","hd":false},{"ty":"fl","c":{"a":0,"k":[0.388235294118,0.227450980392,0.047058823529,1],"ix":4},"o":{"a":0,"k":100,"ix":5},"r":1,"bm":0,"nm":"Fill 1","mn":"ADBE Vector Graphic - Fill","hd":false},{"ty":"tr","p":{"a":0,"k":[47.328,14.28],"ix":2},"a":{"a":0,"k":[0,0],"ix":1},"s":{"a":0,"k":[100,100],"ix":3},"r":{"a":0,"k":0,"ix":6},"o":{"a":0,"k":100,"ix":7},"sk":{"a":0,"k":0,"ix":4},"sa":{"a":0,"k":0,"ix":5},"nm":"Transform"}],"nm":"Group 30","np":2,"cix":2,"bm":0,"ix":30,"mn":"ADBE Vector Group","hd":false}],"ip":0,"op":450,"st":0,"bm":0},{"ddd":0,"ind":5,"ty":4,"nm":"boby Outlines","sr":1,"ks":{"o":{"a":0,"k":100,"ix":11},"r":{"a":1,"k":[{"i":{"x":[0.667],"y":[1]},"o":{"x":[0.333],"y":[0]},"t":0,"s":[0]},{"i":{"x":[0.667],"y":[1]},"o":{"x":[0.333],"y":[0]},"t":2,"s":[7]},{"i":{"x":[0.667],"y":[1]},"o":{"x":[0.333],"y":[0]},"t":3,"s":[7]},{"i":{"x":[0.667],"y":[1]},"o":{"x":[0.333],"y":[0]},"t":4,"s":[7]},{"i":{"x":[0.667],"y":[1]},"o":{"x":[0.333],"y":[0]},"t":5,"s":[7]},{"i":{"x":[0.667],"y":[1]},"o":{"x":[0.333],"y":[0]},"t":6,"s":[7]},{"i":{"x":[0.667],"y":[1]},"o":{"x":[0.333],"y":[0]},"t":8,"s":[7]},{"i":{"x":[0.667],"y":[1]},"o":{"x":[0.333],"y":[0]},"t":9,"s":[7]},{"i":{"x":[0.667],"y":[1]},"o":{"x":[0.333],"y":[0]},"t":10,"s":[7]},{"i":{"x":[0.667],"y":[1]},"o":{"x":[0.333],"y":[0]},"t":11,"s":[7]},{"i":{"x":[0.667],"y":[1]},"o":{"x":[0.333],"y":[0]},"t":12,"s":[7]},{"i":{"x":[0.667],"y":[1]},"o":{"x":[0.333],"y":[0]},"t":27,"s":[7]},{"i":{"x":[0.667],"y":[1]},"o":{"x":[0.333],"y":[0]},"t":28,"s":[7]},{"i":{"x":[0.667],"y":[1]},"o":{"x":[0.333],"y":[0]},"t":30,"s":[7]},{"i":{"x":[0.667],"y":[1]},"o":{"x":[0.333],"y":[0]},"t":32,"s":[7]},{"i":{"x":[0.667],"y":[1]},"o":{"x":[0.333],"y":[0]},"t":33,"s":[7]},{"i":{"x":[0.667],"y":[1]},"o":{"x":[0.333],"y":[0]},"t":34,"s":[7]},{"i":{"x":[0.667],"y":[1]},"o":{"x":[0.333],"y":[0]},"t":35,"s":[7]},{"i":{"x":[0.667],"y":[1]},"o":{"x":[0.333],"y":[0]},"t":36,"s":[7]},{"t":37,"s":[0]}],"ix":10},"p":{"a":1,"k":[{"i":{"x":0.667,"y":1},"o":{"x":0.333,"y":0},"t":0,"s":[336.5,779,0],"to":[0.208,-2.458,0],"ti":[-0.292,2.917,0]},{"i":{"x":0.667,"y":1},"o":{"x":0.333,"y":0},"t":2,"s":[337.75,764.25,0],"to":[0.292,-2.917,0],"ti":[-0.042,0.917,0]},{"i":{"x":0.667,"y":1},"o":{"x":0.333,"y":0},"t":3,"s":[338.25,761.5,0],"to":[0.042,-0.917,0],"ti":[0.083,1.125,0]},{"i":{"x":0.667,"y":1},"o":{"x":0.333,"y":0},"t":4,"s":[338,758.75,0],"to":[-0.083,-1.125,0],"ti":[0.042,0.667,0]},{"i":{"x":0.667,"y":0.667},"o":{"x":0.333,"y":0.333},"t":5,"s":[337.75,754.75,0],"to":[0,0,0],"ti":[0,0,0]},{"i":{"x":0.667,"y":1},"o":{"x":0.333,"y":0},"t":6,"s":[337.75,754.75,0],"to":[0.125,-0.417,0],"ti":[-0.167,1.042,0]},{"i":{"x":0.667,"y":1},"o":{"x":0.333,"y":0},"t":8,"s":[338.5,752.25,0],"to":[0.167,-1.042,0],"ti":[-0.375,1,0]},{"i":{"x":0.667,"y":1},"o":{"x":0.333,"y":0},"t":9,"s":[338.75,748.5,0],"to":[0.375,-1,0],"ti":[-0.333,0.375,0]},{"i":{"x":0.667,"y":0.667},"o":{"x":0.333,"y":0.333},"t":10,"s":[340.75,746.25,0],"to":[0,0,0],"ti":[0,0,0]},{"i":{"x":0.667,"y":1},"o":{"x":0.333,"y":0},"t":11,"s":[340.75,746.25,0],"to":[-0.375,0.708,0],"ti":[0.708,-1.375,0]},{"i":{"x":0.667,"y":1},"o":{"x":0.333,"y":0},"t":12,"s":[338.5,750.5,0],"to":[-0.708,1.375,0],"ti":[0.542,-1.042,0]},{"i":{"x":0.667,"y":1},"o":{"x":0.333,"y":0},"t":14,"s":[336.5,754.5,0],"to":[-0.542,1.042,0],"ti":[0.458,-1.125,0]},{"i":{"x":0.667,"y":1},"o":{"x":0.333,"y":0},"t":15,"s":[335.25,756.75,0],"to":[-0.458,1.125,0],"ti":[0.375,-2.542,0]},{"i":{"x":0.667,"y":1},"o":{"x":0.333,"y":0},"t":16,"s":[333.75,761.25,0],"to":[-0.375,2.542,0],"ti":[0,-3.75,0]},{"i":{"x":0.667,"y":1},"o":{"x":0.333,"y":0},"t":17,"s":[333,772,0],"to":[0,3.75,0],"ti":[-0.125,-2.5,0]},{"i":{"x":0.667,"y":1},"o":{"x":0.333,"y":0},"t":18,"s":[333.75,783.75,0],"to":[0.125,2.5,0],"ti":[0,-0.542,0]},{"i":{"x":0.667,"y":0.667},"o":{"x":0.333,"y":0.333},"t":20,"s":[333.75,787,0],"to":[0,0,0],"ti":[0,0,0]},{"i":{"x":0.667,"y":1},"o":{"x":0.333,"y":0},"t":21,"s":[333.75,787,0],"to":[0,-0.5,0],"ti":[0,1,0]},{"i":{"x":0.667,"y":1},"o":{"x":0.333,"y":0},"t":22,"s":[333.75,784,0],"to":[0,-1,0],"ti":[0,1.333,0]},{"i":{"x":0.667,"y":1},"o":{"x":0.333,"y":0},"t":23,"s":[333.75,781,0],"to":[0,-1.333,0],"ti":[0,1.333,0]},{"i":{"x":0.667,"y":1},"o":{"x":0.333,"y":0},"t":24,"s":[333.75,776,0],"to":[0,-1.333,0],"ti":[0,1,0]},{"i":{"x":0.667,"y":1},"o":{"x":0.333,"y":0},"t":26,"s":[333.75,773,0],"to":[0,-1,0],"ti":[0,0.833,0]},{"i":{"x":0.667,"y":1},"o":{"x":0.333,"y":0},"t":27,"s":[333.75,770,0],"to":[0,-0.833,0],"ti":[0,0.833,0]},{"i":{"x":0.667,"y":1},"o":{"x":0.333,"y":0},"t":28,"s":[333.75,768,0],"to":[0,-0.833,0],"ti":[0,1.167,0]},{"i":{"x":0.667,"y":1},"o":{"x":0.333,"y":0},"t":29,"s":[333.75,765,0],"to":[0,-1.167,0],"ti":[0,0,0]},{"i":{"x":0.667,"y":1},"o":{"x":0.333,"y":0},"t":30,"s":[333.75,761,0],"to":[0,0,0],"ti":[0.333,-1.333,0]},{"i":{"x":0.667,"y":1},"o":{"x":0.333,"y":0},"t":32,"s":[333.75,765,0],"to":[-0.333,1.333,0],"ti":[0.333,-1.333,0]},{"i":{"x":0.667,"y":1},"o":{"x":0.333,"y":0},"t":33,"s":[331.75,769,0],"to":[-0.333,1.333,0],"ti":[0,-1,0]},{"i":{"x":0.667,"y":1},"o":{"x":0.333,"y":0},"t":34,"s":[331.75,773,0],"to":[0,1,0],"ti":[0,-0.333,0]},{"i":{"x":0.667,"y":0.667},"o":{"x":0.333,"y":0.333},"t":35,"s":[331.75,775,0],"to":[0,0,0],"ti":[0,0,0]},{"i":{"x":0.667,"y":1},"o":{"x":0.333,"y":0},"t":36,"s":[331.75,775,0],"to":[0.792,0.667,0],"ti":[-0.792,-0.667,0]},{"t":37,"s":[336.5,779,0]}],"ix":2,"l":2},"a":{"a":0,"k":[54.5,26,0],"ix":1,"l":2},"s":{"a":0,"k":[100,100,100],"ix":6,"l":2}},"ao":0,"shapes":[{"ty":"gr","it":[{"ind":0,"ty":"sh","ix":1,"ks":{"a":1,"k":[{"i":{"x":0.667,"y":1},"o":{"x":0.333,"y":0},"t":0,"s":[{"i":[[0,0],[0,0],[0,0],[0,0]],"o":[[0,0],[0,0],[0,0],[0,0]],"v":[[-39.5,11],[-3.165,0.881],[-2.628,0.732],[39.5,-11]],"c":false}]},{"i":{"x":0.667,"y":1},"o":{"x":0.333,"y":0},"t":2,"s":[{"i":[[0,0],[0,0],[0,0],[0,0]],"o":[[0,0],[0,0],[0,0],[0,0]],"v":[[-36.718,15.192],[-8.491,2.78],[-2.628,0.732],[39.5,-11]],"c":false}]},{"i":{"x":0.667,"y":1},"o":{"x":0.333,"y":0},"t":3,"s":[{"i":[[0,0],[0,0],[0,0],[0,0]],"o":[[0,0],[0,0],[0,0],[0,0]],"v":[[-36.718,15.192],[-8.491,2.78],[-2.628,0.732],[42.186,-5.537]],"c":false}]},{"i":{"x":0.667,"y":1},"o":{"x":0.333,"y":0},"t":4,"s":[{"i":[[0,0],[0,0],[0,0],[0,0]],"o":[[0,0],[0,0],[0,0],[0,0]],"v":[[-36.718,15.192],[-8.491,2.78],[-2.628,0.732],[44.689,-1.562]],"c":false}]},{"i":{"x":0.667,"y":1},"o":{"x":0.333,"y":0},"t":5,"s":[{"i":[[0,0],[0,0],[-2.07,0.017],[0,0]],"o":[[0,0],[0,0],[15.437,-0.129],[0,0]],"v":[[-36.718,15.192],[-8.491,2.78],[-2.628,0.732],[43.657,2.343]],"c":false}]},{"i":{"x":0.667,"y":1},"o":{"x":0.333,"y":0},"t":6,"s":[{"i":[[0,0],[0,0],[-3.288,0.561],[0,0]],"o":[[0,0],[0,0],[16.478,-2.81],[0,0]],"v":[[-35.591,10.016],[-9.653,2.545],[-2.628,0.732],[43.657,2.343]],"c":false}]},{"i":{"x":0.667,"y":1},"o":{"x":0.333,"y":0},"t":8,"s":[{"i":[[0,0],[0,0],[-3.288,0.561],[0,0]],"o":[[0,0],[0,0],[16.478,-2.81],[0,0]],"v":[[-35.591,10.016],[-9.653,2.545],[-2.628,0.732],[43.657,2.343]],"c":false}]},{"i":{"x":0.667,"y":1},"o":{"x":0.333,"y":0},"t":9,"s":[{"i":[[0,0],[0,0],[-3.307,0.437],[0,0]],"o":[[0,0],[0,0],[17.051,-2.251],[0,0]],"v":[[-35.591,10.016],[-9.653,2.545],[-1.296,1.324],[48.82,9.517]],"c":false}]},{"i":{"x":0.667,"y":1},"o":{"x":0.333,"y":0},"t":10,"s":[{"i":[[0,0],[0,0],[-3.307,0.437],[0,0]],"o":[[0,0],[0,0],[17.051,-2.251],[0,0]],"v":[[-35.591,10.016],[-9.653,2.545],[-1.296,1.324],[48.162,12.368]],"c":false}]},{"i":{"x":0.667,"y":1},"o":{"x":0.333,"y":0},"t":11,"s":[{"i":[[0,0],[0,0],[-3.307,0.437],[0,0]],"o":[[0,0],[0,0],[17.051,-2.251],[0,0]],"v":[[-35.704,4.993],[-10.053,1.335],[-1.697,0.114],[48.162,12.368]],"c":false}]},{"i":{"x":0.667,"y":1},"o":{"x":0.333,"y":0},"t":12,"s":[{"i":[[0,0],[0,0],[-3.307,0.437],[0,0]],"o":[[0,0],[0,0],[17.051,-2.251],[0,0]],"v":[[-35.704,4.993],[-10.053,1.335],[-1.697,0.114],[49.46,14.728]],"c":false}]},{"i":{"x":0.667,"y":1},"o":{"x":0.333,"y":0},"t":14,"s":[{"i":[[0,0],[0,0],[-3.307,0.437],[0,0]],"o":[[0,0],[0,0],[17.051,-2.251],[0,0]],"v":[[-35.704,4.993],[-10.053,1.335],[-1.697,0.114],[53.055,15.294]],"c":false}]},{"i":{"x":0.667,"y":1},"o":{"x":0.333,"y":0},"t":15,"s":[{"i":[[0,0],[0,0],[-3.815,-0.785],[0,0]],"o":[[0,0],[0,0],[7.956,1.636],[0,0]],"v":[[-35.704,4.993],[-7.524,7.573],[0.859,8.616],[51.44,16.5]],"c":false}]},{"i":{"x":0.667,"y":1},"o":{"x":0.333,"y":0},"t":16,"s":[{"i":[[0,0],[0,0],[-3.889,-0.219],[0,0]],"o":[[0,0],[0,0],[7.556,0.426],[0,0]],"v":[[-35.704,4.993],[-7.507,13.868],[2.117,14.758],[52.725,10.549]],"c":false}]},{"i":{"x":0.667,"y":1},"o":{"x":0.333,"y":0},"t":17,"s":[{"i":[[0,0],[0,0],[-3.893,0.11],[0,0]],"o":[[0,0],[0,0],[8.984,-0.253],[0,0]],"v":[[-35.704,4.993],[-2.779,7.242],[8.15,6.461],[49.19,-3.878]],"c":false}]},{"i":{"x":0.667,"y":1},"o":{"x":0.333,"y":0},"t":18,"s":[{"i":[[0,0],[0,0],[-6.836,2.193],[0,0]],"o":[[0,0],[0,0],[6.86,-2.201],[0,0]],"v":[[-35.704,4.993],[-4.163,2.123],[9.966,-1.318],[47.084,-18.984]],"c":false}]},{"i":{"x":0.667,"y":1},"o":{"x":0.333,"y":0},"t":20,"s":[{"i":[[0,0],[0,0],[-6.41,3.233],[0,0]],"o":[[0,0],[0,0],[6.355,-3.204],[0,0]],"v":[[-35.704,4.993],[-2.222,-6.679],[14.646,-14.487],[50.897,-33.053]],"c":false}]},{"i":{"x":0.667,"y":1},"o":{"x":0.333,"y":0},"t":21,"s":[{"i":[[0,0],[0,0],[-7.489,3.029],[0,0]],"o":[[0,0],[0,0],[6.598,-2.669],[0,0]],"v":[[-35.865,-6.574],[-8.86,-19.718],[9.588,-26.963],[47.854,-31.168]],"c":false}]},{"i":{"x":0.667,"y":1},"o":{"x":0.333,"y":0},"t":22,"s":[{"i":[[0,0],[0,0],[-7.748,2.287],[0,0]],"o":[[0,0],[0,0],[6.755,-1.994],[0,0]],"v":[[-35.865,-6.574],[-8.86,-19.718],[10.611,-26.837],[48.934,-28.53]],"c":false}]},{"i":{"x":0.667,"y":1},"o":{"x":0.333,"y":0},"t":23,"s":[{"i":[[0,0],[0,0],[-7.996,1.152],[0,0]],"o":[[0,0],[0,0],[7.373,-1.063],[0,0]],"v":[[-35.865,-6.574],[-8.86,-19.718],[11.072,-25.13],[50.444,-24.434]],"c":false}]},{"i":{"x":0.667,"y":1},"o":{"x":0.333,"y":0},"t":24,"s":[{"i":[[0,0],[0,0],[-7.996,1.152],[0,0]],"o":[[0,0],[0,0],[7.373,-1.063],[0,0]],"v":[[-35.865,-6.574],[-8.246,-16.77],[12.178,-20.229],[48.076,-19.106]],"c":false}]},{"i":{"x":0.667,"y":1},"o":{"x":0.333,"y":0},"t":26,"s":[{"i":[[0,0],[0,0],[-7.996,1.152],[0,0]],"o":[[0,0],[0,0],[7.373,-1.063],[0,0]],"v":[[-34.624,-6.726],[-8.246,-16.77],[12.178,-20.229],[48.076,-19.106]],"c":false}]},{"i":{"x":0.667,"y":1},"o":{"x":0.333,"y":0},"t":27,"s":[{"i":[[0,0],[0,0],[-7.996,1.152],[0,0]],"o":[[0,0],[0,0],[7.373,-1.063],[0,0]],"v":[[-30.928,-9.447],[-8.246,-16.77],[12.178,-20.229],[49.582,-12.994]],"c":false}]},{"i":{"x":0.667,"y":1},"o":{"x":0.333,"y":0},"t":28,"s":[{"i":[[0,0],[0,0],[-8.065,0.466],[0,0]],"o":[[0,0],[0,0],[9.202,-0.532],[0,0]],"v":[[-30.928,-9.447],[-8.246,-16.77],[12.3,-19.236],[52.055,-9.267]],"c":false}]},{"i":{"x":0.667,"y":1},"o":{"x":0.333,"y":0},"t":29,"s":[{"i":[[0,0],[0,0],[-8.065,0.466],[0,0]],"o":[[0,0],[0,0],[9.202,-0.532],[0,0]],"v":[[-30.928,-9.447],[-8.246,-16.77],[12.204,-17.965],[53.23,-7.9]],"c":false}]},{"i":{"x":0.667,"y":1},"o":{"x":0.333,"y":0},"t":30,"s":[{"i":[[0,0],[0,0],[-8.065,0.466],[0,0]],"o":[[0,0],[0,0],[9.202,-0.532],[0,0]],"v":[[-30.928,-9.447],[-8.064,-15.282],[11.581,-16.881],[53.748,-3.682]],"c":false}]},{"i":{"x":0.667,"y":1},"o":{"x":0.333,"y":0},"t":32,"s":[{"i":[[0,0],[0,0],[-8.908,-0.323],[0,0]],"o":[[0,0],[0,0],[9.211,0.334],[0,0]],"v":[[-33.035,-10.196],[-8.19,-14.259],[13.005,-15.545],[53.774,-1.418]],"c":false}]},{"i":{"x":0.667,"y":1},"o":{"x":0.333,"y":0},"t":33,"s":[{"i":[[0,0],[0,0],[-8.908,-0.323],[0,0]],"o":[[0,0],[0,0],[9.211,0.334],[0,0]],"v":[[-33.035,-10.196],[-8.19,-14.259],[12.474,-13.716],[55.228,0.166]],"c":false}]},{"i":{"x":0.667,"y":1},"o":{"x":0.333,"y":0},"t":34,"s":[{"i":[[0,0],[0,0],[-8.912,-0.2],[0,0]],"o":[[0,0],[0,0],[11.06,0.248],[0,0]],"v":[[-35.825,-10.357],[-8.112,-7.467],[12.643,-6.181],[53.735,2.365]],"c":false}]},{"i":{"x":0.667,"y":1},"o":{"x":0.333,"y":0},"t":35,"s":[{"i":[[0,0],[0,0],[-11.638,0.012],[0,0]],"o":[[0,0],[0,0],[11.063,-0.012],[0,0]],"v":[[-35.825,-10.357],[-9.244,-0.276],[13.34,1.542],[51.197,0.158]],"c":false}]},{"i":{"x":0.667,"y":1},"o":{"x":0.333,"y":0},"t":36,"s":[{"i":[[0,0],[0,0],[-11.53,1.576],[0,0]],"o":[[0,0],[0,0],[11.343,-1.55],[0,0]],"v":[[-34.951,0.87],[-9.905,4.591],[13.553,3.279],[49.874,-4.466]],"c":false}]},{"t":37,"s":[{"i":[[0,0],[0,0],[0,0],[0,0]],"o":[[0,0],[0,0],[0,0],[0,0]],"v":[[-39.5,11],[-3.165,0.881],[-2.628,0.732],[39.5,-11]],"c":false}]}],"ix":2},"nm":"Path 1","mn":"ADBE Vector Shape - Group","hd":false},{"ty":"st","c":{"a":0,"k":[0.772549019608,0.443137254902,0.16862745098,1],"ix":3},"o":{"a":0,"k":100,"ix":4},"w":{"a":0,"k":30,"ix":5},"lc":2,"lj":1,"ml":10,"bm":0,"nm":"Stroke 1","mn":"ADBE Vector Graphic - Stroke","hd":false},{"ty":"tr","p":{"a":0,"k":[54.5,26],"ix":2},"a":{"a":0,"k":[0,0],"ix":1},"s":{"a":0,"k":[100,100],"ix":3},"r":{"a":0,"k":0,"ix":6},"o":{"a":0,"k":100,"ix":7},"sk":{"a":0,"k":0,"ix":4},"sa":{"a":0,"k":0,"ix":5},"nm":"Transform"}],"nm":"Group 1","np":2,"cix":2,"bm":0,"ix":1,"mn":"ADBE Vector Group","hd":false}],"ip":0,"op":450,"st":0,"bm":0},{"ddd":0,"ind":6,"ty":4,"nm":"left leg 1 Outlines","parent":5,"sr":1,"ks":{"o":{"a":0,"k":100,"ix":11},"r":{"a":0,"k":0,"ix":10},"p":{"a":0,"k":[39.5,41.5,0],"ix":2,"l":2},"a":{"a":0,"k":[27.5,27.5,0],"ix":1,"l":2},"s":{"a":0,"k":[100,100,100],"ix":6,"l":2}},"ao":0,"shapes":[{"ty":"gr","it":[{"ind":0,"ty":"sh","ix":1,"ks":{"a":1,"k":[{"i":{"x":0.667,"y":1},"o":{"x":0.333,"y":0},"t":0,"s":[{"i":[[0,0],[-3.5,-6.5]],"o":[[0,0],[0,0]],"v":[[-11,-8.5],[11,8.5]],"c":false}]},{"i":{"x":0.667,"y":1},"o":{"x":0.333,"y":0},"t":2,"s":[{"i":[[0,0],[-10,0]],"o":[[0,0],[0,0]],"v":[[-34.264,1.69],[9.842,16.255]],"c":false}]},{"i":{"x":0.667,"y":1},"o":{"x":0.333,"y":0},"t":3,"s":[{"i":[[0,0],[-19.895,5.297]],"o":[[0,0],[0,0]],"v":[[-34.264,1.69],[4.126,20.987]],"c":false}]},{"i":{"x":0.667,"y":1},"o":{"x":0.333,"y":0},"t":4,"s":[{"i":[[0,0],[-7.362,-11.606]],"o":[[0,0],[0,0]],"v":[[-34.264,1.69],[-13.057,36.95]],"c":false}]},{"i":{"x":0.667,"y":1},"o":{"x":0.333,"y":0},"t":5,"s":[{"i":[[0,0],[-5.438,-12.346]],"o":[[0,0],[0,0]],"v":[[-34.264,1.69],[-27.431,45.012]],"c":false}]},{"i":{"x":0.667,"y":1},"o":{"x":0.333,"y":0},"t":6,"s":[{"i":[[0,0],[3.678,-11.954]],"o":[[0,0],[0,0]],"v":[[-37.39,-1.201],[-44.87,36.322]],"c":false}]},{"i":{"x":0.667,"y":1},"o":{"x":0.333,"y":0},"t":8,"s":[{"i":[[0,0],[3.678,-11.954]],"o":[[0,0],[0,0]],"v":[[-37.39,-1.201],[-44.87,36.322]],"c":false}]},{"i":{"x":0.667,"y":1},"o":{"x":0.333,"y":0},"t":9,"s":[{"i":[[0,0],[19.859,-9.407]],"o":[[0,0],[0,0]],"v":[[-31.03,-2.737],[-45.758,31.142]],"c":false}]},{"i":{"x":0.667,"y":1},"o":{"x":0.333,"y":0},"t":10,"s":[{"i":[[0,0],[22.092,-9.681]],"o":[[0,0],[0,0]],"v":[[-31.03,-2.737],[-47.887,26.114]],"c":false}]},{"i":{"x":0.667,"y":1},"o":{"x":0.333,"y":0},"t":11,"s":[{"i":[[0,0],[29.244,-4.767]],"o":[[0,0],[0,0]],"v":[[-34.155,-5.628],[-50.969,17.425]],"c":false}]},{"i":{"x":0.667,"y":1},"o":{"x":0.333,"y":0},"t":12,"s":[{"i":[[0,0],[45.748,-7.8]],"o":[[0,0],[0,0]],"v":[[-26.367,-7.844],[-47.547,12.471]],"c":false}]},{"i":{"x":0.667,"y":1},"o":{"x":0.333,"y":0},"t":14,"s":[{"i":[[0,0],[40.815,-6.943]],"o":[[0,0],[0,0]],"v":[[-25.684,-8.431],[-34.613,11.135]],"c":false}]},{"i":{"x":0.667,"y":1},"o":{"x":0.333,"y":0},"t":15,"s":[{"i":[[0,0],[35.465,-13.59]],"o":[[0,0],[0,0]],"v":[[-25.684,-8.431],[-18.206,9.372]],"c":false}]},{"i":{"x":0.667,"y":1},"o":{"x":0.333,"y":0},"t":16,"s":[{"i":[[0,0],[32.675,-13.752]],"o":[[0,0],[0,0]],"v":[[-25.684,-8.431],[-12.138,13.664]],"c":false}]},{"i":{"x":0.667,"y":1},"o":{"x":0.333,"y":0},"t":17,"s":[{"i":[[0,0],[32.675,-13.752]],"o":[[0,0],[0,0]],"v":[[-25.684,-8.431],[5.023,7.779]],"c":false}]},{"i":{"x":0.667,"y":1},"o":{"x":0.333,"y":0},"t":18,"s":[{"i":[[0,0],[-1.15,-16.399]],"o":[[0,0],[0,0]],"v":[[-28.579,-17.647],[9.938,0.627]],"c":false}]},{"i":{"x":0.667,"y":1},"o":{"x":0.333,"y":0},"t":20,"s":[{"i":[[0,0],[-9.782,-10.805]],"o":[[0,0],[0,0]],"v":[[-28.579,-17.647],[14.383,-4.201]],"c":false}]},{"i":{"x":0.667,"y":1},"o":{"x":0.333,"y":0},"t":21,"s":[{"i":[[0,0],[-16.996,-1.86]],"o":[[0,0],[0,0]],"v":[[-31.395,-20.072],[11.196,-7.588]],"c":false}]},{"i":{"x":0.667,"y":1},"o":{"x":0.333,"y":0},"t":22,"s":[{"i":[[0,0],[-22.259,8.61]],"o":[[0,0],[0,0]],"v":[[-31.395,-20.072],[5.881,-1.646]],"c":false}]},{"i":{"x":0.667,"y":1},"o":{"x":0.333,"y":0},"t":23,"s":[{"i":[[0,0],[-6.095,-9.495]],"o":[[0,0],[0,0]],"v":[[-31.395,-20.072],[-11.367,15.837]],"c":false}]},{"i":{"x":0.667,"y":1},"o":{"x":0.333,"y":0},"t":24,"s":[{"i":[[0,0],[-4.82,-11.415]],"o":[[0,0],[0,0]],"v":[[-35.087,-19.367],[-25.898,24.673]],"c":false}]},{"i":{"x":0.667,"y":1},"o":{"x":0.333,"y":0},"t":26,"s":[{"i":[[0,0],[2.868,-10.344]],"o":[[0,0],[0,0]],"v":[[-35.087,-19.367],[-43.651,17.534]],"c":false}]},{"i":{"x":0.667,"y":1},"o":{"x":0.333,"y":0},"t":27,"s":[{"i":[[0,0],[2.868,-10.344]],"o":[[0,0],[0,0]],"v":[[-32.287,-23.237],[-43.651,17.534]],"c":false}]},{"i":{"x":0.667,"y":1},"o":{"x":0.333,"y":0},"t":28,"s":[{"i":[[0,0],[22.105,-15.728]],"o":[[0,0],[0,0]],"v":[[-29.527,-23.324],[-43.733,12.758]],"c":false}]},{"i":{"x":0.667,"y":1},"o":{"x":0.333,"y":0},"t":29,"s":[{"i":[[0,0],[23.215,-12.842]],"o":[[0,0],[0,0]],"v":[[-27.481,-23.071],[-43.285,6.154]],"c":false}]},{"i":{"x":0.667,"y":1},"o":{"x":0.333,"y":0},"t":30,"s":[{"i":[[0,0],[28.748,-4.706]],"o":[[0,0],[0,0]],"v":[[-28.039,-23.507],[-46.75,2.55]],"c":false}]},{"i":{"x":0.667,"y":1},"o":{"x":0.333,"y":0},"t":32,"s":[{"i":[[0,0],[41.185,-5.981]],"o":[[0,0],[0,0]],"v":[[-21.901,-22.749],[-44.752,-3.741]],"c":false}]},{"i":{"x":0.667,"y":1},"o":{"x":0.333,"y":0},"t":33,"s":[{"i":[[0,0],[45.504,-9.785]],"o":[[0,0],[0,0]],"v":[[-26.019,-25.518],[-32.719,-4.211]],"c":false}]},{"i":{"x":0.667,"y":1},"o":{"x":0.333,"y":0},"t":34,"s":[{"i":[[0,0],[39.327,-21.117]],"o":[[0,0],[0,0]],"v":[[-26.019,-25.518],[-16.125,-6.5]],"c":false}]},{"i":{"x":0.667,"y":1},"o":{"x":0.333,"y":0},"t":35,"s":[{"i":[[0,0],[39.327,-21.117]],"o":[[0,0],[0,0]],"v":[[-21.313,-22.066],[-10.03,0.056]],"c":false}]},{"i":{"x":0.667,"y":1},"o":{"x":0.333,"y":0},"t":36,"s":[{"i":[[0,0],[17.913,-12.947]],"o":[[0,0],[0,0]],"v":[[-11.349,-12.71],[6.673,4.806]],"c":false}]},{"t":37,"s":[{"i":[[0,0],[-3.5,-6.5]],"o":[[0,0],[0,0]],"v":[[-11,-8.5],[11,8.5]],"c":false}]}],"ix":2},"nm":"Path 1","mn":"ADBE Vector Shape - Group","hd":false},{"ty":"st","c":{"a":0,"k":[0.772549019608,0.443137254902,0.16862745098,1],"ix":3},"o":{"a":0,"k":100,"ix":4},"w":{"a":0,"k":11,"ix":5},"lc":2,"lj":1,"ml":10,"bm":0,"nm":"Stroke 1","mn":"ADBE Vector Graphic - Stroke","hd":false},{"ty":"tr","p":{"a":0,"k":[38.5,36],"ix":2},"a":{"a":0,"k":[0,0],"ix":1},"s":{"a":0,"k":[100,100],"ix":3},"r":{"a":0,"k":0,"ix":6},"o":{"a":0,"k":100,"ix":7},"sk":{"a":0,"k":0,"ix":4},"sa":{"a":0,"k":0,"ix":5},"nm":"Transform"}],"nm":"Group 1","np":2,"cix":2,"bm":0,"ix":1,"mn":"ADBE Vector Group","hd":false}],"ip":0,"op":450,"st":0,"bm":0},{"ddd":0,"ind":7,"ty":4,"nm":"left leg 1 Outlines 2","parent":5,"sr":1,"ks":{"o":{"a":0,"k":100,"ix":11},"r":{"a":0,"k":0,"ix":10},"p":{"a":0,"k":[51.75,38.75,0],"ix":2,"l":2},"a":{"a":0,"k":[27.5,27.5,0],"ix":1,"l":2},"s":{"a":0,"k":[100,100,100],"ix":6,"l":2}},"ao":0,"shapes":[{"ty":"gr","it":[{"ind":0,"ty":"sh","ix":1,"ks":{"a":1,"k":[{"i":{"x":0.667,"y":1},"o":{"x":0.333,"y":0},"t":0,"s":[{"i":[[0,0],[-3.5,-6.5]],"o":[[0,0],[0,0]],"v":[[-11,-8.5],[11,8.5]],"c":false}]},{"i":{"x":0.667,"y":1},"o":{"x":0.333,"y":0},"t":2,"s":[{"i":[[0,0],[-10,0]],"o":[[0,0],[0,0]],"v":[[-34.264,1.69],[9.842,16.255]],"c":false}]},{"i":{"x":0.667,"y":1},"o":{"x":0.333,"y":0},"t":3,"s":[{"i":[[0,0],[-19.895,5.297]],"o":[[0,0],[0,0]],"v":[[-34.264,1.69],[4.126,20.987]],"c":false}]},{"i":{"x":0.667,"y":1},"o":{"x":0.333,"y":0},"t":4,"s":[{"i":[[0,0],[-7.362,-11.606]],"o":[[0,0],[0,0]],"v":[[-34.264,1.69],[-13.057,36.95]],"c":false}]},{"i":{"x":0.667,"y":1},"o":{"x":0.333,"y":0},"t":5,"s":[{"i":[[0,0],[-5.438,-12.346]],"o":[[0,0],[0,0]],"v":[[-34.264,1.69],[-27.431,45.012]],"c":false}]},{"i":{"x":0.667,"y":1},"o":{"x":0.333,"y":0},"t":6,"s":[{"i":[[0,0],[3.678,-11.954]],"o":[[0,0],[0,0]],"v":[[-37.39,-1.201],[-44.87,36.322]],"c":false}]},{"i":{"x":0.667,"y":1},"o":{"x":0.333,"y":0},"t":8,"s":[{"i":[[0,0],[3.678,-11.954]],"o":[[0,0],[0,0]],"v":[[-37.39,-1.201],[-44.87,36.322]],"c":false}]},{"i":{"x":0.667,"y":1},"o":{"x":0.333,"y":0},"t":9,"s":[{"i":[[0,0],[19.859,-9.407]],"o":[[0,0],[0,0]],"v":[[-31.03,-2.737],[-45.758,31.142]],"c":false}]},{"i":{"x":0.667,"y":1},"o":{"x":0.333,"y":0},"t":10,"s":[{"i":[[0,0],[22.092,-9.681]],"o":[[0,0],[0,0]],"v":[[-31.03,-2.737],[-47.887,26.114]],"c":false}]},{"i":{"x":0.667,"y":1},"o":{"x":0.333,"y":0},"t":11,"s":[{"i":[[0,0],[29.244,-4.767]],"o":[[0,0],[0,0]],"v":[[-34.155,-5.628],[-50.969,17.425]],"c":false}]},{"i":{"x":0.667,"y":1},"o":{"x":0.333,"y":0},"t":12,"s":[{"i":[[0,0],[45.748,-7.8]],"o":[[0,0],[0,0]],"v":[[-26.367,-7.844],[-47.547,12.471]],"c":false}]},{"i":{"x":0.667,"y":1},"o":{"x":0.333,"y":0},"t":14,"s":[{"i":[[0,0],[40.815,-6.943]],"o":[[0,0],[0,0]],"v":[[-25.684,-8.431],[-34.613,11.135]],"c":false}]},{"i":{"x":0.667,"y":1},"o":{"x":0.333,"y":0},"t":15,"s":[{"i":[[0,0],[35.465,-13.59]],"o":[[0,0],[0,0]],"v":[[-25.684,-8.431],[-18.206,9.372]],"c":false}]},{"i":{"x":0.667,"y":1},"o":{"x":0.333,"y":0},"t":16,"s":[{"i":[[0,0],[32.675,-13.752]],"o":[[0,0],[0,0]],"v":[[-25.684,-8.431],[-12.138,13.664]],"c":false}]},{"i":{"x":0.667,"y":1},"o":{"x":0.333,"y":0},"t":17,"s":[{"i":[[0,0],[32.675,-13.752]],"o":[[0,0],[0,0]],"v":[[-25.684,-8.431],[5.023,7.779]],"c":false}]},{"i":{"x":0.667,"y":1},"o":{"x":0.333,"y":0},"t":18,"s":[{"i":[[0,0],[-1.15,-16.399]],"o":[[0,0],[0,0]],"v":[[-28.579,-17.647],[9.938,0.627]],"c":false}]},{"i":{"x":0.667,"y":1},"o":{"x":0.333,"y":0},"t":20,"s":[{"i":[[0,0],[-9.782,-10.805]],"o":[[0,0],[0,0]],"v":[[-28.579,-17.647],[14.383,-4.201]],"c":false}]},{"i":{"x":0.667,"y":1},"o":{"x":0.333,"y":0},"t":21,"s":[{"i":[[0,0],[-16.996,-1.86]],"o":[[0,0],[0,0]],"v":[[-31.395,-20.072],[11.196,-7.588]],"c":false}]},{"i":{"x":0.667,"y":1},"o":{"x":0.333,"y":0},"t":22,"s":[{"i":[[0,0],[-22.259,8.61]],"o":[[0,0],[0,0]],"v":[[-31.395,-20.072],[5.881,-1.646]],"c":false}]},{"i":{"x":0.667,"y":1},"o":{"x":0.333,"y":0},"t":23,"s":[{"i":[[0,0],[-6.095,-9.495]],"o":[[0,0],[0,0]],"v":[[-31.395,-20.072],[-11.367,15.837]],"c":false}]},{"i":{"x":0.667,"y":1},"o":{"x":0.333,"y":0},"t":24,"s":[{"i":[[0,0],[-4.82,-11.415]],"o":[[0,0],[0,0]],"v":[[-35.087,-19.367],[-25.898,24.673]],"c":false}]},{"i":{"x":0.667,"y":1},"o":{"x":0.333,"y":0},"t":26,"s":[{"i":[[0,0],[2.868,-10.344]],"o":[[0,0],[0,0]],"v":[[-35.087,-19.367],[-43.651,17.534]],"c":false}]},{"i":{"x":0.667,"y":1},"o":{"x":0.333,"y":0},"t":27,"s":[{"i":[[0,0],[2.868,-10.344]],"o":[[0,0],[0,0]],"v":[[-32.287,-23.237],[-43.651,17.534]],"c":false}]},{"i":{"x":0.667,"y":1},"o":{"x":0.333,"y":0},"t":28,"s":[{"i":[[0,0],[22.105,-15.728]],"o":[[0,0],[0,0]],"v":[[-29.527,-23.324],[-43.733,12.758]],"c":false}]},{"i":{"x":0.667,"y":1},"o":{"x":0.333,"y":0},"t":29,"s":[{"i":[[0,0],[23.215,-12.842]],"o":[[0,0],[0,0]],"v":[[-27.481,-23.071],[-43.285,6.154]],"c":false}]},{"i":{"x":0.667,"y":1},"o":{"x":0.333,"y":0},"t":30,"s":[{"i":[[0,0],[28.748,-4.706]],"o":[[0,0],[0,0]],"v":[[-28.039,-23.507],[-46.75,2.55]],"c":false}]},{"i":{"x":0.667,"y":1},"o":{"x":0.333,"y":0},"t":32,"s":[{"i":[[0,0],[41.185,-5.981]],"o":[[0,0],[0,0]],"v":[[-21.901,-22.749],[-44.752,-3.741]],"c":false}]},{"i":{"x":0.667,"y":1},"o":{"x":0.333,"y":0},"t":33,"s":[{"i":[[0,0],[45.504,-9.785]],"o":[[0,0],[0,0]],"v":[[-26.019,-25.518],[-32.719,-4.211]],"c":false}]},{"i":{"x":0.667,"y":1},"o":{"x":0.333,"y":0},"t":34,"s":[{"i":[[0,0],[39.327,-21.117]],"o":[[0,0],[0,0]],"v":[[-26.019,-25.518],[-16.125,-6.5]],"c":false}]},{"i":{"x":0.667,"y":1},"o":{"x":0.333,"y":0},"t":35,"s":[{"i":[[0,0],[39.327,-21.117]],"o":[[0,0],[0,0]],"v":[[-21.313,-22.066],[-10.03,0.056]],"c":false}]},{"i":{"x":0.667,"y":1},"o":{"x":0.333,"y":0},"t":36,"s":[{"i":[[0,0],[17.913,-12.947]],"o":[[0,0],[0,0]],"v":[[-11.349,-12.71],[6.673,4.806]],"c":false}]},{"t":37,"s":[{"i":[[0,0],[-3.5,-6.5]],"o":[[0,0],[0,0]],"v":[[-11,-8.5],[11,8.5]],"c":false}]}],"ix":2},"nm":"Path 1","mn":"ADBE Vector Shape - Group","hd":false},{"ty":"st","c":{"a":0,"k":[0.654901960784,0.38431372549,0.156862745098,1],"ix":3},"o":{"a":0,"k":100,"ix":4},"w":{"a":0,"k":11,"ix":5},"lc":2,"lj":1,"ml":10,"bm":0,"nm":"Stroke 1","mn":"ADBE Vector Graphic - Stroke","hd":false},{"ty":"tr","p":{"a":0,"k":[38.5,36],"ix":2},"a":{"a":0,"k":[0,0],"ix":1},"s":{"a":0,"k":[100,100],"ix":3},"r":{"a":0,"k":0,"ix":6},"o":{"a":0,"k":100,"ix":7},"sk":{"a":0,"k":0,"ix":4},"sa":{"a":0,"k":0,"ix":5},"nm":"Transform"}],"nm":"Group 1","np":2,"cix":2,"bm":0,"ix":1,"mn":"ADBE Vector Group","hd":false}],"ip":0,"op":450,"st":0,"bm":0},{"ddd":0,"ind":9,"ty":4,"nm":"right leg 2 Outlines","parent":5,"sr":1,"ks":{"o":{"a":0,"k":100,"ix":11},"r":{"a":0,"k":0,"ix":10},"p":{"a":0,"k":[108.109,26.312,0],"ix":2,"l":2},"a":{"a":0,"k":[45.5,27.5,0],"ix":1,"l":2},"s":{"a":0,"k":[100,100,100],"ix":6,"l":2}},"ao":0,"shapes":[{"ty":"gr","it":[{"ind":0,"ty":"sh","ix":1,"ks":{"a":1,"k":[{"i":{"x":0.667,"y":1},"o":{"x":0.333,"y":0},"t":0,"s":[{"i":[[0,0],[12,-7]],"o":[[0,0],[0,0]],"v":[[9,-18],[-9,18]],"c":false}]},{"i":{"x":0.667,"y":1},"o":{"x":0.333,"y":0},"t":2,"s":[{"i":[[0,0],[14.749,-7.736]],"o":[[0,0],[0,0]],"v":[[9,-18],[-9.857,13.068]],"c":false}]},{"i":{"x":0.667,"y":1},"o":{"x":0.333,"y":0},"t":3,"s":[{"i":[[0,0],[25.04,-5.977]],"o":[[0,0],[0,0]],"v":[[9,-18],[-15.43,8.714]],"c":false}]},{"i":{"x":0.667,"y":1},"o":{"x":0.333,"y":0},"t":4,"s":[{"i":[[0,0],[44.137,-4.292]],"o":[[0,0],[0,0]],"v":[[-1.278,-11.449],[-21.729,10.747]],"c":false}]},{"i":{"x":0.667,"y":1},"o":{"x":0.333,"y":0},"t":5,"s":[{"i":[[0,0],[35.949,-3.287]],"o":[[0,0],[0,0]],"v":[[3.615,-8.523],[-8.025,11.583]],"c":false}]},{"i":{"x":0.667,"y":1},"o":{"x":0.333,"y":0},"t":6,"s":[{"i":[[0,0],[33.437,-17.587]],"o":[[0,0],[0,0]],"v":[[5.748,-5.511],[7.36,9.694]],"c":false}]},{"i":{"x":0.667,"y":1},"o":{"x":0.333,"y":0},"t":8,"s":[{"i":[[0,0],[33.437,-17.587]],"o":[[0,0],[0,0]],"v":[[-1.322,-5.65],[16.306,9.729]],"c":false}]},{"i":{"x":0.667,"y":1},"o":{"x":0.333,"y":0},"t":9,"s":[{"i":[[0,0],[18.658,-15.899]],"o":[[0,0],[0,0]],"v":[[-1.322,-5.65],[26.658,11.985]],"c":false}]},{"i":{"x":0.667,"y":1},"o":{"x":0.333,"y":0},"t":10,"s":[{"i":[[0,0],[6.39,-7.088]],"o":[[0,0],[0,0]],"v":[[-1.322,-5.65],[32.522,10.509]],"c":false}]},{"i":{"x":0.667,"y":1},"o":{"x":0.333,"y":0},"t":11,"s":[{"i":[[0,0],[0.709,-4.123]],"o":[[0,0],[0,0]],"v":[[-1.322,-5.65],[36.553,10.518]],"c":false}]},{"i":{"x":0.667,"y":1},"o":{"x":0.333,"y":0},"t":12,"s":[{"i":[[0,0],[-11.119,2.114]],"o":[[0,0],[0,0]],"v":[[-1.322,-5.65],[38.694,9.499]],"c":false}]},{"i":{"x":0.667,"y":1},"o":{"x":0.333,"y":0},"t":14,"s":[{"i":[[0,0],[-24.675,4.535]],"o":[[0,0],[0,0]],"v":[[-2.271,3.03],[33.34,19.224]],"c":false}]},{"i":{"x":0.667,"y":1},"o":{"x":0.333,"y":0},"t":15,"s":[{"i":[[0,0],[-8.667,-12.795]],"o":[[0,0],[0,0]],"v":[[-2.271,3.03],[17.245,33.794]],"c":false}]},{"i":{"x":0.667,"y":1},"o":{"x":0.333,"y":0},"t":16,"s":[{"i":[[0,0],[-6.217,-13.348]],"o":[[0,0],[0,0]],"v":[[-5.436,3.923],[10.546,34.617]],"c":false}]},{"i":{"x":0.667,"y":1},"o":{"x":0.333,"y":0},"t":17,"s":[{"i":[[0,0],[-3.735,-13.653]],"o":[[0,0],[0,0]],"v":[[-6.903,-5.972],[0.176,26.067]],"c":false}]},{"i":{"x":0.667,"y":1},"o":{"x":0.333,"y":0},"t":18,"s":[{"i":[[0,0],[-0.727,-13.77]],"o":[[0,0],[0,0]],"v":[[-13.611,-15.476],[-11.677,15.684]],"c":false}]},{"i":{"x":0.667,"y":1},"o":{"x":0.333,"y":0},"t":20,"s":[{"i":[[0,0],[10.683,-13.156]],"o":[[0,0],[0,0]],"v":[[-4.434,-28.944],[-14.315,2.406]],"c":false}]},{"i":{"x":0.667,"y":1},"o":{"x":0.333,"y":0},"t":21,"s":[{"i":[[0,0],[17.835,-8.241]],"o":[[0,0],[0,0]],"v":[[-3.572,-40.385],[-23.161,-8.094]],"c":false}]},{"i":{"x":0.667,"y":1},"o":{"x":0.333,"y":0},"t":22,"s":[{"i":[[0,0],[29.637,-2.386]],"o":[[0,0],[0,0]],"v":[[-7.481,-39.401],[-26.839,-13.435]],"c":false}]},{"i":{"x":0.667,"y":1},"o":{"x":0.333,"y":0},"t":23,"s":[{"i":[[0,0],[45.269,-4.305]],"o":[[0,0],[0,0]],"v":[[-1.9,-39.079],[-20.331,-11.716]],"c":false}]},{"i":{"x":0.667,"y":1},"o":{"x":0.333,"y":0},"t":24,"s":[{"i":[[0,0],[44.146,-1.145]],"o":[[0,0],[0,0]],"v":[[-1.9,-39.079],[-7.898,-10.975]],"c":false}]},{"i":{"x":0.667,"y":1},"o":{"x":0.333,"y":0},"t":26,"s":[{"i":[[0,0],[41.813,-11.941]],"o":[[0,0],[0,0]],"v":[[-5.026,-27.612],[8.222,-8.925]],"c":false}]},{"i":{"x":0.667,"y":1},"o":{"x":0.333,"y":0},"t":27,"s":[{"i":[[0,0],[41.813,-11.941]],"o":[[0,0],[0,0]],"v":[[-5.026,-27.612],[19.166,-8.001]],"c":false}]},{"i":{"x":0.667,"y":1},"o":{"x":0.333,"y":0},"t":28,"s":[{"i":[[0,0],[17.944,-15.559]],"o":[[0,0],[0,0]],"v":[[-5.026,-27.612],[30.176,-8.598]],"c":false}]},{"i":{"x":0.667,"y":1},"o":{"x":0.333,"y":0},"t":29,"s":[{"i":[[0,0],[3.239,-12.242]],"o":[[0,0],[0,0]],"v":[[-5.026,-27.612],[36.501,-8.367]],"c":false}]},{"i":{"x":0.667,"y":1},"o":{"x":0.333,"y":0},"t":30,"s":[{"i":[[0,0],[3.282,-3.684]],"o":[[0,0],[0,0]],"v":[[-5.026,-27.612],[40.68,-5.102]],"c":false}]},{"i":{"x":0.667,"y":1},"o":{"x":0.333,"y":0},"t":32,"s":[{"i":[[0,0],[-14.593,2.541]],"o":[[0,0],[0,0]],"v":[[0.694,-20.003],[40.184,-5.041]],"c":false}]},{"i":{"x":0.667,"y":1},"o":{"x":0.333,"y":0},"t":33,"s":[{"i":[[0,0],[-21.819,3.176]],"o":[[0,0],[0,0]],"v":[[2.196,-11.875],[36.379,4.998]],"c":false}]},{"i":{"x":0.667,"y":1},"o":{"x":0.333,"y":0},"t":34,"s":[{"i":[[0,0],[-5.237,-7.423]],"o":[[0,0],[0,0]],"v":[[2.196,-11.875],[18.861,18.231]],"c":false}]},{"i":{"x":0.667,"y":1},"o":{"x":0.333,"y":0},"t":35,"s":[{"i":[[0,0],[-4.741,-7.484]],"o":[[0,0],[0,0]],"v":[[-5.035,-9.224],[10.546,20.26]],"c":false}]},{"i":{"x":0.667,"y":1},"o":{"x":0.333,"y":0},"t":36,"s":[{"i":[[0,0],[-2.011,-7.819]],"o":[[0,0],[0,0]],"v":[[-5.035,-9.224],[2.262,22.536]],"c":false}]},{"t":37,"s":[{"i":[[0,0],[12,-7]],"o":[[0,0],[0,0]],"v":[[9,-18],[-9,18]],"c":false}]}],"ix":2},"nm":"Path 1","mn":"ADBE Vector Shape - Group","hd":false},{"ty":"st","c":{"a":0,"k":[0.772549019608,0.443137254902,0.16862745098,1],"ix":3},"o":{"a":0,"k":100,"ix":4},"w":{"a":0,"k":11,"ix":5},"lc":2,"lj":1,"ml":10,"bm":0,"nm":"Stroke 1","mn":"ADBE Vector Graphic - Stroke","hd":false},{"ty":"tr","p":{"a":0,"k":[36.5,45.5],"ix":2},"a":{"a":0,"k":[0,0],"ix":1},"s":{"a":0,"k":[100,100],"ix":3},"r":{"a":0,"k":0,"ix":6},"o":{"a":0,"k":100,"ix":7},"sk":{"a":0,"k":0,"ix":4},"sa":{"a":0,"k":0,"ix":5},"nm":"Transform"}],"nm":"Group 1","np":2,"cix":2,"bm":0,"ix":1,"mn":"ADBE Vector Group","hd":false}],"ip":0,"op":450,"st":0,"bm":0},{"ddd":0,"ind":10,"ty":4,"nm":"right leg 2 Outlines 2","parent":5,"sr":1,"ks":{"o":{"a":0,"k":100,"ix":11},"r":{"a":0,"k":0,"ix":10},"p":{"a":0,"k":[95.859,22.062,0],"ix":2,"l":2},"a":{"a":0,"k":[45.5,27.5,0],"ix":1,"l":2},"s":{"a":0,"k":[100,100,100],"ix":6,"l":2}},"ao":0,"shapes":[{"ty":"gr","it":[{"ind":0,"ty":"sh","ix":1,"ks":{"a":1,"k":[{"i":{"x":0.667,"y":1},"o":{"x":0.333,"y":0},"t":0,"s":[{"i":[[0,0],[12,-7]],"o":[[0,0],[0,0]],"v":[[9,-18],[-9,18]],"c":false}]},{"i":{"x":0.667,"y":1},"o":{"x":0.333,"y":0},"t":2,"s":[{"i":[[0,0],[14.749,-7.736]],"o":[[0,0],[0,0]],"v":[[9,-18],[-9.857,13.068]],"c":false}]},{"i":{"x":0.667,"y":1},"o":{"x":0.333,"y":0},"t":3,"s":[{"i":[[0,0],[25.04,-5.977]],"o":[[0,0],[0,0]],"v":[[9,-18],[-15.43,8.714]],"c":false}]},{"i":{"x":0.667,"y":1},"o":{"x":0.333,"y":0},"t":4,"s":[{"i":[[0,0],[44.137,-4.292]],"o":[[0,0],[0,0]],"v":[[-1.278,-11.449],[-21.729,10.747]],"c":false}]},{"i":{"x":0.667,"y":1},"o":{"x":0.333,"y":0},"t":5,"s":[{"i":[[0,0],[35.949,-3.287]],"o":[[0,0],[0,0]],"v":[[3.615,-8.523],[-8.025,11.583]],"c":false}]},{"i":{"x":0.667,"y":1},"o":{"x":0.333,"y":0},"t":6,"s":[{"i":[[0,0],[33.437,-17.587]],"o":[[0,0],[0,0]],"v":[[5.748,-5.511],[7.36,9.694]],"c":false}]},{"i":{"x":0.667,"y":1},"o":{"x":0.333,"y":0},"t":8,"s":[{"i":[[0,0],[33.437,-17.587]],"o":[[0,0],[0,0]],"v":[[-1.322,-5.65],[16.306,9.729]],"c":false}]},{"i":{"x":0.667,"y":1},"o":{"x":0.333,"y":0},"t":9,"s":[{"i":[[0,0],[18.658,-15.899]],"o":[[0,0],[0,0]],"v":[[-1.322,-5.65],[26.658,11.985]],"c":false}]},{"i":{"x":0.667,"y":1},"o":{"x":0.333,"y":0},"t":10,"s":[{"i":[[0,0],[6.39,-7.088]],"o":[[0,0],[0,0]],"v":[[-1.322,-5.65],[32.522,10.509]],"c":false}]},{"i":{"x":0.667,"y":1},"o":{"x":0.333,"y":0},"t":11,"s":[{"i":[[0,0],[0.709,-4.123]],"o":[[0,0],[0,0]],"v":[[-1.322,-5.65],[36.553,10.518]],"c":false}]},{"i":{"x":0.667,"y":1},"o":{"x":0.333,"y":0},"t":12,"s":[{"i":[[0,0],[-11.119,2.114]],"o":[[0,0],[0,0]],"v":[[-1.322,-5.65],[38.694,9.499]],"c":false}]},{"i":{"x":0.667,"y":1},"o":{"x":0.333,"y":0},"t":14,"s":[{"i":[[0,0],[-24.675,4.535]],"o":[[0,0],[0,0]],"v":[[-2.271,3.03],[33.34,19.224]],"c":false}]},{"i":{"x":0.667,"y":1},"o":{"x":0.333,"y":0},"t":15,"s":[{"i":[[0,0],[-8.667,-12.795]],"o":[[0,0],[0,0]],"v":[[-2.271,3.03],[17.245,33.794]],"c":false}]},{"i":{"x":0.667,"y":1},"o":{"x":0.333,"y":0},"t":16,"s":[{"i":[[0,0],[-6.217,-13.348]],"o":[[0,0],[0,0]],"v":[[-5.436,3.923],[10.546,34.617]],"c":false}]},{"i":{"x":0.667,"y":1},"o":{"x":0.333,"y":0},"t":17,"s":[{"i":[[0,0],[-3.735,-13.653]],"o":[[0,0],[0,0]],"v":[[-6.903,-5.972],[0.176,26.067]],"c":false}]},{"i":{"x":0.667,"y":1},"o":{"x":0.333,"y":0},"t":18,"s":[{"i":[[0,0],[-0.727,-13.77]],"o":[[0,0],[0,0]],"v":[[-13.611,-15.476],[-11.677,15.684]],"c":false}]},{"i":{"x":0.667,"y":1},"o":{"x":0.333,"y":0},"t":20,"s":[{"i":[[0,0],[10.683,-13.156]],"o":[[0,0],[0,0]],"v":[[-4.434,-28.944],[-14.315,2.406]],"c":false}]},{"i":{"x":0.667,"y":1},"o":{"x":0.333,"y":0},"t":21,"s":[{"i":[[0,0],[17.835,-8.241]],"o":[[0,0],[0,0]],"v":[[-3.572,-40.385],[-23.161,-8.094]],"c":false}]},{"i":{"x":0.667,"y":1},"o":{"x":0.333,"y":0},"t":22,"s":[{"i":[[0,0],[29.637,-2.386]],"o":[[0,0],[0,0]],"v":[[-7.481,-39.401],[-26.839,-13.435]],"c":false}]},{"i":{"x":0.667,"y":1},"o":{"x":0.333,"y":0},"t":23,"s":[{"i":[[0,0],[45.269,-4.305]],"o":[[0,0],[0,0]],"v":[[-1.9,-39.079],[-20.331,-11.716]],"c":false}]},{"i":{"x":0.667,"y":1},"o":{"x":0.333,"y":0},"t":24,"s":[{"i":[[0,0],[44.146,-1.145]],"o":[[0,0],[0,0]],"v":[[-1.9,-39.079],[-7.898,-10.975]],"c":false}]},{"i":{"x":0.667,"y":1},"o":{"x":0.333,"y":0},"t":26,"s":[{"i":[[0,0],[41.813,-11.941]],"o":[[0,0],[0,0]],"v":[[-5.026,-27.612],[8.222,-8.925]],"c":false}]},{"i":{"x":0.667,"y":1},"o":{"x":0.333,"y":0},"t":27,"s":[{"i":[[0,0],[41.813,-11.941]],"o":[[0,0],[0,0]],"v":[[-5.026,-27.612],[19.166,-8.001]],"c":false}]},{"i":{"x":0.667,"y":1},"o":{"x":0.333,"y":0},"t":28,"s":[{"i":[[0,0],[17.944,-15.559]],"o":[[0,0],[0,0]],"v":[[-5.026,-27.612],[30.176,-8.598]],"c":false}]},{"i":{"x":0.667,"y":1},"o":{"x":0.333,"y":0},"t":29,"s":[{"i":[[0,0],[3.239,-12.242]],"o":[[0,0],[0,0]],"v":[[-5.026,-27.612],[36.501,-8.367]],"c":false}]},{"i":{"x":0.667,"y":1},"o":{"x":0.333,"y":0},"t":30,"s":[{"i":[[0,0],[3.282,-3.684]],"o":[[0,0],[0,0]],"v":[[-5.026,-27.612],[40.68,-5.102]],"c":false}]},{"i":{"x":0.667,"y":1},"o":{"x":0.333,"y":0},"t":32,"s":[{"i":[[0,0],[-14.593,2.541]],"o":[[0,0],[0,0]],"v":[[0.694,-20.003],[40.184,-5.041]],"c":false}]},{"i":{"x":0.667,"y":1},"o":{"x":0.333,"y":0},"t":33,"s":[{"i":[[0,0],[-21.819,3.176]],"o":[[0,0],[0,0]],"v":[[2.196,-11.875],[36.379,4.998]],"c":false}]},{"i":{"x":0.667,"y":1},"o":{"x":0.333,"y":0},"t":34,"s":[{"i":[[0,0],[-5.237,-7.423]],"o":[[0,0],[0,0]],"v":[[2.196,-11.875],[18.861,18.231]],"c":false}]},{"i":{"x":0.667,"y":1},"o":{"x":0.333,"y":0},"t":35,"s":[{"i":[[0,0],[-4.741,-7.484]],"o":[[0,0],[0,0]],"v":[[-5.035,-9.224],[10.546,20.26]],"c":false}]},{"i":{"x":0.667,"y":1},"o":{"x":0.333,"y":0},"t":36,"s":[{"i":[[0,0],[-2.011,-7.819]],"o":[[0,0],[0,0]],"v":[[-5.035,-9.224],[2.262,22.536]],"c":false}]},{"t":37,"s":[{"i":[[0,0],[12,-7]],"o":[[0,0],[0,0]],"v":[[9,-18],[-9,18]],"c":false}]}],"ix":2},"nm":"Path 1","mn":"ADBE Vector Shape - Group","hd":false},{"ty":"st","c":{"a":0,"k":[0.654901960784,0.38313517851,0.156662825042,1],"ix":3},"o":{"a":0,"k":100,"ix":4},"w":{"a":0,"k":11,"ix":5},"lc":2,"lj":1,"ml":10,"bm":0,"nm":"Stroke 1","mn":"ADBE Vector Graphic - Stroke","hd":false},{"ty":"tr","p":{"a":0,"k":[36.5,45.5],"ix":2},"a":{"a":0,"k":[0,0],"ix":1},"s":{"a":0,"k":[100,100],"ix":3},"r":{"a":0,"k":0,"ix":6},"o":{"a":0,"k":100,"ix":7},"sk":{"a":0,"k":0,"ix":4},"sa":{"a":0,"k":0,"ix":5},"nm":"Transform"}],"nm":"Group 1","np":2,"cix":2,"bm":0,"ix":1,"mn":"ADBE Vector Group","hd":false}],"ip":0,"op":450,"st":0,"bm":0},{"ddd":0,"ind":12,"ty":4,"nm":"tail Outlines","parent":5,"sr":1,"ks":{"o":{"a":0,"k":100,"ix":11},"r":{"a":0,"k":0,"ix":10},"p":{"a":0,"k":[15,33.148,0],"ix":2,"l":2},"a":{"a":0,"k":[80.316,63.648,0],"ix":1,"l":2},"s":{"a":0,"k":[100,100,100],"ix":6,"l":2}},"ao":0,"shapes":[{"ty":"gr","it":[{"ind":0,"ty":"sh","ix":1,"ks":{"a":1,"k":[{"i":{"x":0.667,"y":1},"o":{"x":0.333,"y":0},"t":0,"s":[{"i":[[0,0],[-61.425,0.559]],"o":[[-0.816,0.238],[0,0]],"v":[[-33.092,-25.851],[33.908,25.292]],"c":false}]},{"i":{"x":0.667,"y":1},"o":{"x":0.333,"y":0},"t":2,"s":[{"i":[[0,0],[-52.897,31.537]],"o":[[-0.816,0.238],[0,0]],"v":[[-46.344,23.976],[24.76,39.633]],"c":false}]},{"i":{"x":0.667,"y":1},"o":{"x":0.333,"y":0},"t":3,"s":[{"i":[[0,0],[-43.747,44.518]],"o":[[-0.816,0.238],[0,0]],"v":[[-50.476,55.968],[24.76,39.633]],"c":false}]},{"i":{"x":0.667,"y":1},"o":{"x":0.333,"y":0},"t":4,"s":[{"i":[[0,0],[-37.735,46.299]],"o":[[-0.816,0.238],[0,0]],"v":[[-44.452,80.416],[24.76,39.633]],"c":false}]},{"i":{"x":0.667,"y":1},"o":{"x":0.333,"y":0},"t":5,"s":[{"i":[[0,0],[-37.735,46.299]],"o":[[-0.816,0.238],[0,0]],"v":[[-39.032,97.885],[24.76,39.633]],"c":false}]},{"i":{"x":0.667,"y":1},"o":{"x":0.333,"y":0},"t":6,"s":[{"i":[[0,0],[-43.929,28.672]],"o":[[-0.816,0.238],[0,0]],"v":[[-33.186,90.115],[25.522,31.479]],"c":false}]},{"i":{"x":0.667,"y":1},"o":{"x":0.333,"y":0},"t":8,"s":[{"i":[[0,0],[-34.804,-3.681]],"o":[[-0.816,0.238],[0,0]],"v":[[-37.156,76.245],[24.939,28.78]],"c":false}]},{"i":{"x":0.667,"y":1},"o":{"x":0.333,"y":0},"t":9,"s":[{"i":[[0,0],[-26.838,-16.749]],"o":[[-0.816,0.238],[0,0]],"v":[[-41.883,54.157],[24.264,25.337]],"c":false}]},{"i":{"x":0.667,"y":1},"o":{"x":0.333,"y":0},"t":10,"s":[{"i":[[0,0],[-30.738,-19.797]],"o":[[-0.816,0.238],[0,0]],"v":[[-47.145,35.912],[23.141,28.497]],"c":false}]},{"i":{"x":0.667,"y":1},"o":{"x":0.333,"y":0},"t":11,"s":[{"i":[[0,0],[-31.23,-21.751]],"o":[[-0.816,0.238],[0,0]],"v":[[-47.65,11.29],[25.513,21.153]],"c":false}]},{"i":{"x":0.667,"y":1},"o":{"x":0.333,"y":0},"t":12,"s":[{"i":[[0,0],[-31.256,-24.015]],"o":[[-0.816,0.238],[0,0]],"v":[[-43.945,-9.819],[27.102,17.684]],"c":false}]},{"i":{"x":0.667,"y":1},"o":{"x":0.333,"y":0},"t":14,"s":[{"i":[[0,0],[-30.241,-34.215]],"o":[[-0.816,0.238],[0,0]],"v":[[-41.158,-21.999],[26.075,19.573]],"c":false}]},{"i":{"x":0.667,"y":1},"o":{"x":0.333,"y":0},"t":15,"s":[{"i":[[0,0],[-30.241,-34.215]],"o":[[-0.816,0.238],[0,0]],"v":[[-32.952,-31.067],[27.442,18.398]],"c":false}]},{"i":{"x":0.667,"y":1},"o":{"x":0.333,"y":0},"t":16,"s":[{"i":[[0,0],[-34.699,-23.34]],"o":[[-0.816,0.238],[0,0]],"v":[[-32.199,-35.189],[28.504,14.741]],"c":false}]},{"i":{"x":0.667,"y":1},"o":{"x":0.333,"y":0},"t":17,"s":[{"i":[[0,0],[-34.699,-23.34]],"o":[[-0.816,0.238],[0,0]],"v":[[-32.856,-46.695],[24.591,17.74]],"c":false}]},{"i":{"x":0.667,"y":1},"o":{"x":0.333,"y":0},"t":18,"s":[{"i":[[0,0],[-37.146,-10.446]],"o":[[-0.816,0.238],[0,0]],"v":[[-35.164,-40.87],[23.38,18.141]],"c":false}]},{"i":{"x":0.667,"y":1},"o":{"x":0.333,"y":0},"t":20,"s":[{"i":[[0,0],[-47.033,1.347]],"o":[[-0.816,0.238],[0,0]],"v":[[-35.739,-18.886],[23.498,21.149]],"c":false}]},{"i":{"x":0.667,"y":1},"o":{"x":0.333,"y":0},"t":21,"s":[{"i":[[0,0],[-55.548,24.306]],"o":[[-0.816,0.238],[0,0]],"v":[[-45.612,1.217],[26.045,19.325]],"c":false}]},{"i":{"x":0.667,"y":1},"o":{"x":0.333,"y":0},"t":22,"s":[{"i":[[0,0],[-52.736,43.103]],"o":[[-0.816,0.238],[0,0]],"v":[[-47.946,33.492],[26.576,17.497]],"c":false}]},{"i":{"x":0.667,"y":1},"o":{"x":0.333,"y":0},"t":23,"s":[{"i":[[0,0],[-48.897,45.654]],"o":[[-0.816,0.238],[0,0]],"v":[[-42.14,58.218],[26.571,19.512]],"c":false}]},{"i":{"x":0.667,"y":1},"o":{"x":0.333,"y":0},"t":24,"s":[{"i":[[0,0],[-45.985,46.808]],"o":[[-0.816,0.238],[0,0]],"v":[[-36.755,77.456],[26.571,19.512]],"c":false}]},{"i":{"x":0.667,"y":1},"o":{"x":0.333,"y":0},"t":26,"s":[{"i":[[0,0],[-28.053,14.381]],"o":[[-0.816,0.238],[0,0]],"v":[[-36.755,77.456],[26.397,13.992]],"c":false}]},{"i":{"x":0.667,"y":1},"o":{"x":0.333,"y":0},"t":27,"s":[{"i":[[0,0],[-38.866,-3.938]],"o":[[-0.816,0.238],[0,0]],"v":[[-35.318,58.388],[29.197,10.122]],"c":false}]},{"i":{"x":0.667,"y":1},"o":{"x":0.333,"y":0},"t":28,"s":[{"i":[[0,0],[-30.12,-18.865]],"o":[[-0.816,0.238],[0,0]],"v":[[-39.793,34.254],[27.965,6.243]],"c":false}]},{"i":{"x":0.667,"y":1},"o":{"x":0.333,"y":0},"t":29,"s":[{"i":[[0,0],[-30.12,-18.865]],"o":[[-0.816,0.238],[0,0]],"v":[[-42.387,15.178],[30.006,8.512]],"c":false}]},{"i":{"x":0.667,"y":1},"o":{"x":0.333,"y":0},"t":30,"s":[{"i":[[0,0],[-34.486,-21.603]],"o":[[-0.816,0.238],[0,0]],"v":[[-43.523,-4.329],[30.137,5.473]],"c":false}]},{"i":{"x":0.667,"y":1},"o":{"x":0.333,"y":0},"t":32,"s":[{"i":[[0,0],[-33.637,-26.997]],"o":[[-0.816,0.238],[0,0]],"v":[[-40.936,-24.293],[29.153,1.564]],"c":false}]},{"i":{"x":0.667,"y":1},"o":{"x":0.333,"y":0},"t":33,"s":[{"i":[[0,0],[-37.964,-33.518]],"o":[[-0.816,0.238],[0,0]],"v":[[-37.871,-36.256],[30.389,3.427]],"c":false}]},{"i":{"x":0.667,"y":1},"o":{"x":0.333,"y":0},"t":34,"s":[{"i":[[0,0],[-37.677,-37.332]],"o":[[-0.816,0.238],[0,0]],"v":[[-31.676,-47.344],[30.389,3.427]],"c":false}]},{"i":{"x":0.667,"y":1},"o":{"x":0.333,"y":0},"t":35,"s":[{"i":[[0,0],[-41.159,-32.874]],"o":[[-0.816,0.238],[0,0]],"v":[[-31.92,-49.329],[30.389,3.427]],"c":false}]},{"i":{"x":0.667,"y":1},"o":{"x":0.333,"y":0},"t":36,"s":[{"i":[[0,0],[-42.039,-27.728]],"o":[[-0.816,0.238],[0,0]],"v":[[-31.92,-49.329],[26.053,15.294]],"c":false}]},{"t":37,"s":[{"i":[[0,0],[-61.425,0.559]],"o":[[-0.816,0.238],[0,0]],"v":[[-33.092,-25.851],[33.908,25.292]],"c":false}]}],"ix":2},"nm":"Path 1","mn":"ADBE Vector Shape - Group","hd":false},{"ty":"st","c":{"a":0,"k":[0.772549019608,0.443137254902,0.16862745098,1],"ix":3},"o":{"a":0,"k":100,"ix":4},"w":{"a":0,"k":5,"ix":5},"lc":2,"lj":1,"ml":10,"bm":0,"nm":"Stroke 1","mn":"ADBE Vector Graphic - Stroke","hd":false},{"ty":"tr","p":{"a":0,"k":[46.408,38.351],"ix":2},"a":{"a":0,"k":[0,0],"ix":1},"s":{"a":0,"k":[100,100],"ix":3},"r":{"a":0,"k":0,"ix":6},"o":{"a":0,"k":100,"ix":7},"sk":{"a":0,"k":0,"ix":4},"sa":{"a":0,"k":0,"ix":5},"nm":"Transform"}],"nm":"Group 1","np":2,"cix":2,"bm":0,"ix":1,"mn":"ADBE Vector Group","hd":false}],"ip":0,"op":450,"st":0,"bm":0}]}],"layers":[{"ddd":0,"ind":1,"ty":0,"nm":"Pre-comp 1","refId":"comp_0","sr":1,"ks":{"o":{"a":0,"k":100,"ix":11},"r":{"a":0,"k":0,"ix":10},"p":{"a":0,"k":[993.122,273.456,0],"ix":2,"l":2},"a":{"a":0,"k":[540,540,0],"ix":1,"l":2},"s":{"a":0,"k":[229,229,100],"ix":6,"l":2}},"ao":0,"w":1080,"h":1080,"ip":0,"op":450,"st":0,"bm":0},{"ddd":0,"ind":2,"ty":4,"nm":"Shape Layer 1","sr":1,"ks":{"o":{"a":0,"k":50,"ix":11},"r":{"a":0,"k":0,"ix":10},"p":{"a":0,"k":[557,920,0],"ix":2,"l":2},"a":{"a":0,"k":[17,428,0],"ix":1,"l":2},"s":{"a":1,"k":[{"i":{"x":[0.667,0.667,0.667],"y":[1,1,1]},"o":{"x":[0.333,0.333,0.333],"y":[0,0,0]},"t":0,"s":[93,108,100]},{"i":{"x":[0.667,0.667,0.667],"y":[1,1,1]},"o":{"x":[0.333,0.333,0.333],"y":[0,0,0]},"t":6,"s":[112,108,100]},{"i":{"x":[0.667,0.667,0.667],"y":[1,1,1]},"o":{"x":[0.333,0.333,0.333],"y":[0,0,0]},"t":17,"s":[98,108,100]},{"i":{"x":[0.667,0.667,0.667],"y":[1,1,1]},"o":{"x":[0.333,0.333,0.333],"y":[0,0,0]},"t":28,"s":[112,108,100]},{"t":38,"s":[93,108,100]}],"ix":6,"l":2}},"ao":0,"shapes":[{"ty":"gr","it":[{"ind":0,"ty":"sh","ix":1,"ks":{"a":0,"k":{"i":[[0,0],[0,0]],"o":[[0,0],[0,0]],"v":[[-292,428],[326,428]],"c":false},"ix":2},"nm":"Path 1","mn":"ADBE Vector Shape - Group","hd":false},{"ty":"st","c":{"a":0,"k":[0,0,0,1],"ix":3},"o":{"a":0,"k":100,"ix":4},"w":{"a":0,"k":17,"ix":5},"lc":2,"lj":1,"ml":4,"bm":0,"nm":"Stroke 1","mn":"ADBE Vector Graphic - Stroke","hd":false},{"ty":"tr","p":{"a":0,"k":[0,0],"ix":2},"a":{"a":0,"k":[0,0],"ix":1},"s":{"a":0,"k":[100,100],"ix":3},"r":{"a":0,"k":0,"ix":6},"o":{"a":0,"k":100,"ix":7},"sk":{"a":0,"k":0,"ix":4},"sa":{"a":0,"k":0,"ix":5},"nm":"Transform"}],"nm":"Shape 1","np":3,"cix":2,"bm":0,"ix":1,"mn":"ADBE Vector Group","hd":false}],"ip":0,"op":450,"st":0,"bm":0}],"markers":[]}